Country;Year;LandTemp
Wallis and Futuna;1850;0
Wallis and Futuna;1851;-0.4
Wallis and Futuna;1852;-0.1
Wallis and Futuna;1853;0.1
Wallis and Futuna;1854;-0.1
Wallis and Futuna;1855;-0.3
Wallis and Futuna;1856;-0.3
Wallis and Futuna;1857;-0.4
Wallis and Futuna;1858;-0.2
Wallis and Futuna;1859;0.1
Wallis and Futuna;1860;-0.2
Wallis and Futuna;1861;-0.5
Wallis and Futuna;1862;-0.3
Wallis and Futuna;1863;-0.3
Wallis and Futuna;1864;-0.2
Wallis and Futuna;1865;-0.2
Wallis and Futuna;1866;-0.2
Wallis and Futuna;1867;-0.1
Wallis and Futuna;1868;-0.1
Wallis and Futuna;1869;0
Wallis and Futuna;1870;-0.2
Wallis and Futuna;1871;0.1
Wallis and Futuna;1872;0
Wallis and Futuna;1873;-0.3
Wallis and Futuna;1874;0
Wallis and Futuna;1875;-0.2
Wallis and Futuna;1876;-0.1
Wallis and Futuna;1877;-0.2
Wallis and Futuna;1878;-0.2
Wallis and Futuna;1879;-0.2
Wallis and Futuna;1880;-0.2
Wallis and Futuna;1881;0.2
Wallis and Futuna;1882;0.1
Wallis and Futuna;1883;-0.3
Wallis and Futuna;1884;-0.3
Wallis and Futuna;1885;-0.5
Wallis and Futuna;1886;-0.5
Wallis and Futuna;1887;-0.3
Wallis and Futuna;1888;-0.3
Wallis and Futuna;1889;-0.3
Wallis and Futuna;1890;-0.5
Wallis and Futuna;1891;-0.4
Wallis and Futuna;1892;-0.3
Wallis and Futuna;1893;-0.6
Wallis and Futuna;1894;-0.4
Wallis and Futuna;1895;-0.2
Wallis and Futuna;1896;-0.4
Wallis and Futuna;1897;-0.3
Wallis and Futuna;1898;-0.3
Wallis and Futuna;1899;-0.2
Wallis and Futuna;1900;-0.1
Wallis and Futuna;1901;-0.1
Wallis and Futuna;1902;-0.6
Wallis and Futuna;1903;-0.4
Wallis and Futuna;1904;-0.6
Wallis and Futuna;1905;-0.5
Wallis and Futuna;1906;-0.4
Wallis and Futuna;1907;-0.5
Wallis and Futuna;1908;-0.6
Wallis and Futuna;1909;-0.7
Wallis and Futuna;1910;-0.8
Wallis and Futuna;1911;-0.6
Wallis and Futuna;1912;-0.5
Wallis and Futuna;1913;-0.6
Wallis and Futuna;1914;-0.4
Wallis and Futuna;1915;-0.3
Wallis and Futuna;1916;-0.5
Wallis and Futuna;1917;-0.9
Wallis and Futuna;1918;-0.6
Wallis and Futuna;1919;-1
Wallis and Futuna;1920;-0.6
Wallis and Futuna;1921;-0.5
Wallis and Futuna;1922;-0.2
Wallis and Futuna;1923;-0.4
Wallis and Futuna;1924;-0.2
Wallis and Futuna;1925;-0.3
Wallis and Futuna;1926;-0.4
Wallis and Futuna;1927;-0.4
Wallis and Futuna;1928;-0.3
Wallis and Futuna;1929;-0.3
Wallis and Futuna;1930;-0.4
Wallis and Futuna;1931;-0.4
Wallis and Futuna;1932;-0.3
Wallis and Futuna;1933;-0.6
Wallis and Futuna;1934;-0.4
Wallis and Futuna;1935;-0.4
Wallis and Futuna;1936;-0.2
Wallis and Futuna;1937;-0.3
Wallis and Futuna;1938;-0.4
Wallis and Futuna;1939;-0.5
Wallis and Futuna;1940;-0.2
Wallis and Futuna;1941;0
Wallis and Futuna;1942;0
Wallis and Futuna;1943;0
Wallis and Futuna;1944;0.1
Wallis and Futuna;1945;0
Wallis and Futuna;1946;0.1
Wallis and Futuna;1947;0.1
Wallis and Futuna;1948;-0.2
Wallis and Futuna;1949;-0.3
Wallis and Futuna;1950;-0.3
Wallis and Futuna;1951;-0.1
Wallis and Futuna;1952;0
Wallis and Futuna;1953;0
Wallis and Futuna;1954;-0.2
Wallis and Futuna;1955;-0.4
Wallis and Futuna;1956;-0.3
Wallis and Futuna;1957;-0.2
Wallis and Futuna;1958;-0.1
Wallis and Futuna;1959;-0.1
Wallis and Futuna;1960;-0.1
Wallis and Futuna;1961;-0.1
Wallis and Futuna;1962;-0.1
Wallis and Futuna;1963;-0.1
Wallis and Futuna;1964;-0.2
Wallis and Futuna;1965;-0.4
Wallis and Futuna;1966;-0.1
Wallis and Futuna;1967;-0.3
Wallis and Futuna;1968;-0.1
Wallis and Futuna;1969;0.2
Wallis and Futuna;1970;0
Wallis and Futuna;1971;-0.2
Wallis and Futuna;1972;-0.1
Wallis and Futuna;1973;0
Wallis and Futuna;1974;-0.2
Wallis and Futuna;1975;-0.3
Wallis and Futuna;1976;-0.3
Wallis and Futuna;1977;-0.1
Wallis and Futuna;1978;0
Wallis and Futuna;1979;0
Wallis and Futuna;1980;0.1
Wallis and Futuna;1981;-0.1
Wallis and Futuna;1982;0
Wallis and Futuna;1983;-0.3
Wallis and Futuna;1984;0
Wallis and Futuna;1985;-0.2
Wallis and Futuna;1986;-0.1
Wallis and Futuna;1987;-0.1
Wallis and Futuna;1988;0
Wallis and Futuna;1989;-0.1
Wallis and Futuna;1990;0.1
Wallis and Futuna;1991;0.3
Wallis and Futuna;1992;0.1
Wallis and Futuna;1993;0
Wallis and Futuna;1994;0.2
Wallis and Futuna;1995;0.3
Wallis and Futuna;1996;0.1
Wallis and Futuna;1997;0
Wallis and Futuna;1998;-0.2
Wallis and Futuna;1999;0.1
Wallis and Futuna;2000;0.3
Wallis and Futuna;2001;0.3
Wallis and Futuna;2002;0.4
Wallis and Futuna;2003;0.5
Wallis and Futuna;2004;0.5
Wallis and Futuna;2005;0.5
Wallis and Futuna;2006;0.4
Wallis and Futuna;2007;0.5
Wallis and Futuna;2008;0.2
Wallis and Futuna;2009;0.4
Wallis and Futuna;2010;0.4
Wallis and Futuna;2011;0.2
Wallis and Futuna;2012;0.4
Wallis and Futuna;2013;0.5
Wallis and Futuna;2014;0.6
Wallis and Futuna;2015;0.4
Wallis and Futuna;2016;0.6
Wallis and Futuna;2017;0.6
Wallis and Futuna;2018;0.5
Wallis and Futuna;2019;0.7
Wallis and Futuna;2020;0.6
Wallis and Futuna;2021;0.4
Wallis and Futuna;2022;0.4
Wallis and Futuna;2023;0.6
Wallis and Futuna;2024;0.7
Wallis and Futuna;2025;0.5
Solomon Islands;1850;0.1
Solomon Islands;1851;0.2
Solomon Islands;1852;0.1
Solomon Islands;1853;-0.2
Solomon Islands;1854;-0.4
Solomon Islands;1855;-0.4
Solomon Islands;1856;-0.6
Solomon Islands;1857;0.1
Solomon Islands;1858;-0.2
Solomon Islands;1859;0
Solomon Islands;1860;-0.4
Solomon Islands;1861;-1.1
Solomon Islands;1862;-0.4
Solomon Islands;1863;-0.3
Solomon Islands;1864;-0.2
Solomon Islands;1865;-0.2
Solomon Islands;1866;0
Solomon Islands;1867;-0.1
Solomon Islands;1868;-0.2
Solomon Islands;1869;0.2
Solomon Islands;1870;-0.1
Solomon Islands;1871;-0.2
Solomon Islands;1872;-0.1
Solomon Islands;1873;-0.1
Solomon Islands;1874;0.1
Solomon Islands;1875;-0.1
Solomon Islands;1876;-0.2
Solomon Islands;1877;-0.4
Solomon Islands;1878;-0.1
Solomon Islands;1879;-0.2
Solomon Islands;1880;-0.4
Solomon Islands;1881;0.3
Solomon Islands;1882;0.2
Solomon Islands;1883;-0.4
Solomon Islands;1884;-0.6
Solomon Islands;1885;-1
Solomon Islands;1886;-0.7
Solomon Islands;1887;-0.1
Solomon Islands;1888;-0.4
Solomon Islands;1889;-0.3
Solomon Islands;1890;0
Solomon Islands;1891;0.1
Solomon Islands;1892;0
Solomon Islands;1893;-0.1
Solomon Islands;1894;-0.4
Solomon Islands;1895;-0.3
Solomon Islands;1896;-0.3
Solomon Islands;1897;0
Solomon Islands;1898;-0.3
Solomon Islands;1899;-0.3
Solomon Islands;1900;-0.1
Solomon Islands;1901;-0.4
Solomon Islands;1902;-1
Solomon Islands;1903;-0.9
Solomon Islands;1904;-0.7
Solomon Islands;1905;-0.9
Solomon Islands;1906;-0.7
Solomon Islands;1907;-0.2
Solomon Islands;1908;-0.3
Solomon Islands;1909;-0.4
Solomon Islands;1910;-0.3
Solomon Islands;1911;-0.8
Solomon Islands;1912;-0.7
Solomon Islands;1913;-0.7
Solomon Islands;1914;-0.8
Solomon Islands;1915;-0.5
Solomon Islands;1916;-0.3
Solomon Islands;1917;-0.9
Solomon Islands;1918;-0.9
Solomon Islands;1919;-1.4
Solomon Islands;1920;-0.9
Solomon Islands;1921;-0.2
Solomon Islands;1922;-0.1
Solomon Islands;1923;-0.5
Solomon Islands;1924;-0.3
Solomon Islands;1925;-0.5
Solomon Islands;1926;-0.6
Solomon Islands;1927;-0.5
Solomon Islands;1928;-0.4
Solomon Islands;1929;-0.4
Solomon Islands;1930;-0.6
Solomon Islands;1931;-0.4
Solomon Islands;1932;-0.5
Solomon Islands;1933;-0.4
Solomon Islands;1934;-0.4
Solomon Islands;1935;-0.4
Solomon Islands;1936;-0.3
Solomon Islands;1937;-0.3
Solomon Islands;1938;-0.2
Solomon Islands;1939;-0.4
Solomon Islands;1940;-0.6
Solomon Islands;1941;-0.6
Solomon Islands;1942;-0.2
Solomon Islands;1943;0.6
Solomon Islands;1944;0.3
Solomon Islands;1945;0.3
Solomon Islands;1946;-0.2
Solomon Islands;1947;-0.3
Solomon Islands;1948;-0.4
Solomon Islands;1949;-0.7
Solomon Islands;1950;-0.3
Solomon Islands;1951;-0.4
Solomon Islands;1952;-0.4
Solomon Islands;1953;-0.5
Solomon Islands;1954;-0.4
Solomon Islands;1955;-0.4
Solomon Islands;1956;-0.1
Solomon Islands;1957;-0.5
Solomon Islands;1958;-0.5
Solomon Islands;1959;-0.5
Solomon Islands;1960;-0.3
Solomon Islands;1961;-0.3
Solomon Islands;1962;0
Solomon Islands;1963;-0.1
Solomon Islands;1964;-0.3
Solomon Islands;1965;-0.9
Solomon Islands;1966;-0.6
Solomon Islands;1967;-0.3
Solomon Islands;1968;-0.1
Solomon Islands;1969;0.1
Solomon Islands;1970;0.1
Solomon Islands;1971;-0.1
Solomon Islands;1972;-0.5
Solomon Islands;1973;0
Solomon Islands;1974;0
Solomon Islands;1975;-0.2
Solomon Islands;1976;-0.3
Solomon Islands;1977;-0.2
Solomon Islands;1978;-0.1
Solomon Islands;1979;-0.1
Solomon Islands;1980;-0.1
Solomon Islands;1981;0.1
Solomon Islands;1982;-0.3
Solomon Islands;1983;-0.3
Solomon Islands;1984;0
Solomon Islands;1985;0.1
Solomon Islands;1986;-0.1
Solomon Islands;1987;-0.3
Solomon Islands;1988;0.2
Solomon Islands;1989;0.2
Solomon Islands;1990;0.1
Solomon Islands;1991;0.1
Solomon Islands;1992;-0.4
Solomon Islands;1993;-0.7
Solomon Islands;1994;-0.2
Solomon Islands;1995;0.4
Solomon Islands;1996;0.4
Solomon Islands;1997;-0.2
Solomon Islands;1998;0.3
Solomon Islands;1999;0.3
Solomon Islands;2000;0.4
Solomon Islands;2001;0.4
Solomon Islands;2002;0.3
Solomon Islands;2003;0.5
Solomon Islands;2004;0.3
Solomon Islands;2005;0.5
Solomon Islands;2006;0.3
Solomon Islands;2007;0.6
Solomon Islands;2008;0.3
Solomon Islands;2009;0.4
Solomon Islands;2010;0.5
Solomon Islands;2011;0.5
Solomon Islands;2012;0.3
Solomon Islands;2013;0.4
Solomon Islands;2014;0.5
Solomon Islands;2015;0.1
Solomon Islands;2016;0.7
Solomon Islands;2017;0.8
Solomon Islands;2018;0.6
Solomon Islands;2019;0.5
Solomon Islands;2020;0.8
Solomon Islands;2021;0.6
Solomon Islands;2022;0.8
Solomon Islands;2023;0.6
Solomon Islands;2024;0.9
Solomon Islands;2025;1
Cook Islands;1850;-0.2
Cook Islands;1851;-0.3
Cook Islands;1852;-0.1
Cook Islands;1853;0.4
Cook Islands;1854;0.3
Cook Islands;1855;-0.2
Cook Islands;1856;-0.2
Cook Islands;1857;-0.6
Cook Islands;1858;-0.1
Cook Islands;1859;0.2
Cook Islands;1860;-0.1
Cook Islands;1861;-0.5
Cook Islands;1862;-0.4
Cook Islands;1863;-0.5
Cook Islands;1864;-0.2
Cook Islands;1865;-0.2
Cook Islands;1866;-0.2
Cook Islands;1867;-0.3
Cook Islands;1868;-0.1
Cook Islands;1869;-0.2
Cook Islands;1870;-0.3
Cook Islands;1871;0.1
Cook Islands;1872;0
Cook Islands;1873;-0.4
Cook Islands;1874;-0.1
Cook Islands;1875;-0.1
Cook Islands;1876;0
Cook Islands;1877;0
Cook Islands;1878;-0.1
Cook Islands;1879;-0.2
Cook Islands;1880;-0.2
Cook Islands;1881;0
Cook Islands;1882;0
Cook Islands;1883;-0.4
Cook Islands;1884;-0.6
Cook Islands;1885;-0.6
Cook Islands;1886;-0.6
Cook Islands;1887;-0.5
Cook Islands;1888;-0.3
Cook Islands;1889;0
Cook Islands;1890;-0.6
Cook Islands;1891;-0.4
Cook Islands;1892;-0.2
Cook Islands;1893;-0.6
Cook Islands;1894;-0.2
Cook Islands;1895;-0.1
Cook Islands;1896;-0.3
Cook Islands;1897;-0.1
Cook Islands;1898;-0.1
Cook Islands;1899;0
Cook Islands;1900;0.1
Cook Islands;1901;0.6
Cook Islands;1902;-0.2
Cook Islands;1903;0
Cook Islands;1904;-0.6
Cook Islands;1905;-0.4
Cook Islands;1906;0
Cook Islands;1907;-0.4
Cook Islands;1908;-0.4
Cook Islands;1909;-0.8
Cook Islands;1910;-0.7
Cook Islands;1911;-0.6
Cook Islands;1912;-0.3
Cook Islands;1913;-0.4
Cook Islands;1914;-0.3
Cook Islands;1915;0
Cook Islands;1916;-0.1
Cook Islands;1917;-0.8
Cook Islands;1918;-0.4
Cook Islands;1919;-0.6
Cook Islands;1920;-0.2
Cook Islands;1921;-0.4
Cook Islands;1922;-0.1
Cook Islands;1923;-0.4
Cook Islands;1924;-0.2
Cook Islands;1925;-0.4
Cook Islands;1926;-0.2
Cook Islands;1927;-0.2
Cook Islands;1928;-0.2
Cook Islands;1929;-0.3
Cook Islands;1930;-0.3
Cook Islands;1931;-0.2
Cook Islands;1932;-0.1
Cook Islands;1933;-0.6
Cook Islands;1934;-0.4
Cook Islands;1935;-0.4
Cook Islands;1936;-0.4
Cook Islands;1937;-0.3
Cook Islands;1938;-0.5
Cook Islands;1939;-0.5
Cook Islands;1940;0
Cook Islands;1941;0.1
Cook Islands;1942;0.2
Cook Islands;1943;0.1
Cook Islands;1944;0.3
Cook Islands;1945;0.2
Cook Islands;1946;0.2
Cook Islands;1947;0.1
Cook Islands;1948;-0.2
Cook Islands;1949;0
Cook Islands;1950;-0.2
Cook Islands;1951;0
Cook Islands;1952;0.3
Cook Islands;1953;0.2
Cook Islands;1954;0
Cook Islands;1955;-0.3
Cook Islands;1956;-0.4
Cook Islands;1957;-0.1
Cook Islands;1958;0
Cook Islands;1959;0.1
Cook Islands;1960;0
Cook Islands;1961;0
Cook Islands;1962;-0.3
Cook Islands;1963;0
Cook Islands;1964;-0.1
Cook Islands;1965;-0.2
Cook Islands;1966;0
Cook Islands;1967;-0.2
Cook Islands;1968;-0.1
Cook Islands;1969;0.2
Cook Islands;1970;0.1
Cook Islands;1971;-0.3
Cook Islands;1972;-0.1
Cook Islands;1973;0.3
Cook Islands;1974;-0.3
Cook Islands;1975;-0.4
Cook Islands;1976;-0.4
Cook Islands;1977;-0.1
Cook Islands;1978;-0.2
Cook Islands;1979;-0.3
Cook Islands;1980;0
Cook Islands;1981;-0.2
Cook Islands;1982;0
Cook Islands;1983;-0.3
Cook Islands;1984;-0.1
Cook Islands;1985;-0.3
Cook Islands;1986;-0.2
Cook Islands;1987;0
Cook Islands;1988;0.2
Cook Islands;1989;-0.1
Cook Islands;1990;-0.1
Cook Islands;1991;0.3
Cook Islands;1992;0.3
Cook Islands;1993;0.1
Cook Islands;1994;0.2
Cook Islands;1995;0.2
Cook Islands;1996;0.1
Cook Islands;1997;0
Cook Islands;1998;0
Cook Islands;1999;0.2
Cook Islands;2000;0.2
Cook Islands;2001;0.2
Cook Islands;2002;0.4
Cook Islands;2003;0.5
Cook Islands;2004;0.6
Cook Islands;2005;0.5
Cook Islands;2006;0.5
Cook Islands;2007;0.5
Cook Islands;2008;0.2
Cook Islands;2009;0.5
Cook Islands;2010;0.6
Cook Islands;2011;0.1
Cook Islands;2012;0.3
Cook Islands;2013;0.4
Cook Islands;2014;0.5
Cook Islands;2015;0.4
Cook Islands;2016;0.6
Cook Islands;2017;0.6
Cook Islands;2018;0.4
Cook Islands;2019;0.6
Cook Islands;2020;0.6
Cook Islands;2021;0.5
Cook Islands;2022;0.2
Cook Islands;2023;0.5
Cook Islands;2024;0.6
Cook Islands;2025;0.5
Tokelau;1850;0
Tokelau;1851;-0.3
Tokelau;1852;-0.1
Tokelau;1853;0
Tokelau;1854;0
Tokelau;1855;-0.1
Tokelau;1856;-0.3
Tokelau;1857;-0.7
Tokelau;1858;-0.2
Tokelau;1859;0.1
Tokelau;1860;-0.4
Tokelau;1861;-0.6
Tokelau;1862;-0.6
Tokelau;1863;-0.5
Tokelau;1864;-0.4
Tokelau;1865;-0.4
Tokelau;1866;-0.4
Tokelau;1867;-0.4
Tokelau;1868;-0.4
Tokelau;1869;-0.4
Tokelau;1870;-0.7
Tokelau;1871;-0.4
Tokelau;1872;-0.3
Tokelau;1873;-0.6
Tokelau;1874;-0.4
Tokelau;1875;-0.5
Tokelau;1876;-0.3
Tokelau;1877;0.1
Tokelau;1878;-0.1
Tokelau;1879;-0.6
Tokelau;1880;-0.5
Tokelau;1881;0
Tokelau;1882;-0.1
Tokelau;1883;-0.4
Tokelau;1884;-0.3
Tokelau;1885;-0.3
Tokelau;1886;-0.6
Tokelau;1887;-0.8
Tokelau;1888;0.1
Tokelau;1889;-0.1
Tokelau;1890;-0.9
Tokelau;1891;-0.5
Tokelau;1892;-0.4
Tokelau;1893;-0.8
Tokelau;1894;-0.5
Tokelau;1895;-0.3
Tokelau;1896;-0.1
Tokelau;1897;0
Tokelau;1898;-0.5
Tokelau;1899;-0.3
Tokelau;1900;0.4
Tokelau;1901;0.1
Tokelau;1902;0
Tokelau;1903;-0.1
Tokelau;1904;-0.8
Tokelau;1905;0
Tokelau;1906;-0.3
Tokelau;1907;-0.4
Tokelau;1908;-0.6
Tokelau;1909;-1
Tokelau;1910;-1.1
Tokelau;1911;-0.7
Tokelau;1912;-0.2
Tokelau;1913;-0.5
Tokelau;1914;-0.2
Tokelau;1915;-0.1
Tokelau;1916;-0.9
Tokelau;1917;-1.7
Tokelau;1918;-0.5
Tokelau;1919;-0.6
Tokelau;1920;-0.3
Tokelau;1921;-0.7
Tokelau;1922;-0.4
Tokelau;1923;-0.4
Tokelau;1924;-0.4
Tokelau;1925;-0.5
Tokelau;1926;0
Tokelau;1927;-0.5
Tokelau;1928;-0.3
Tokelau;1929;-0.3
Tokelau;1930;-0.1
Tokelau;1931;-0.1
Tokelau;1932;-0.3
Tokelau;1933;-0.7
Tokelau;1934;-0.6
Tokelau;1935;-0.5
Tokelau;1936;-0.4
Tokelau;1937;-0.4
Tokelau;1938;-0.8
Tokelau;1939;-0.7
Tokelau;1940;0.3
Tokelau;1941;0.5
Tokelau;1942;0
Tokelau;1943;-0.4
Tokelau;1944;0
Tokelau;1945;-0.2
Tokelau;1946;0
Tokelau;1947;0
Tokelau;1948;-0.3
Tokelau;1949;-0.3
Tokelau;1950;-0.8
Tokelau;1951;-0.2
Tokelau;1952;0
Tokelau;1953;0.1
Tokelau;1954;-0.3
Tokelau;1955;-0.8
Tokelau;1956;-0.8
Tokelau;1957;-0.1
Tokelau;1958;0.3
Tokelau;1959;0.1
Tokelau;1960;-0.2
Tokelau;1961;-0.3
Tokelau;1962;-0.3
Tokelau;1963;-0.1
Tokelau;1964;-0.4
Tokelau;1965;-0.1
Tokelau;1966;0.2
Tokelau;1967;-0.3
Tokelau;1968;-0.1
Tokelau;1969;0.4
Tokelau;1970;-0.1
Tokelau;1971;-0.7
Tokelau;1972;0
Tokelau;1973;-0.1
Tokelau;1974;-0.8
Tokelau;1975;-0.7
Tokelau;1976;-0.5
Tokelau;1977;0.2
Tokelau;1978;0
Tokelau;1979;0
Tokelau;1980;0.2
Tokelau;1981;-0.2
Tokelau;1982;0.2
Tokelau;1983;-0.1
Tokelau;1984;-0.2
Tokelau;1985;-0.3
Tokelau;1986;0.1
Tokelau;1987;0.5
Tokelau;1988;0
Tokelau;1989;-0.4
Tokelau;1990;0.2
Tokelau;1991;0.5
Tokelau;1992;0.4
Tokelau;1993;0.3
Tokelau;1994;0.5
Tokelau;1995;0.4
Tokelau;1996;0
Tokelau;1997;0.2
Tokelau;1998;-0.1
Tokelau;1999;-0.4
Tokelau;2000;-0.3
Tokelau;2001;0.1
Tokelau;2002;0.5
Tokelau;2003;0.6
Tokelau;2004;0.5
Tokelau;2005;0.4
Tokelau;2006;0.4
Tokelau;2007;0.3
Tokelau;2008;-0.3
Tokelau;2009;0.5
Tokelau;2010;0.2
Tokelau;2011;-0.4
Tokelau;2012;0.2
Tokelau;2013;0.3
Tokelau;2014;0.5
Tokelau;2015;0.9
Tokelau;2016;0.7
Tokelau;2017;0.5
Tokelau;2018;0.5
Tokelau;2019;0.8
Tokelau;2020;0.5
Tokelau;2021;0
Tokelau;2022;-0.2
Tokelau;2023;0.6
Tokelau;2024;0.8
Tokelau;2025;0.4
Fiji;1850;-0.1
Fiji;1851;-0.2
Fiji;1852;-0.2
Fiji;1853;-0.1
Fiji;1854;-0.4
Fiji;1855;-0.4
Fiji;1856;-0.5
Fiji;1857;0.1
Fiji;1858;-0.2
Fiji;1859;0
Fiji;1860;0
Fiji;1861;-0.1
Fiji;1862;-0.1
Fiji;1863;0
Fiji;1864;0
Fiji;1865;-0.1
Fiji;1866;0
Fiji;1867;0.1
Fiji;1868;0
Fiji;1869;0
Fiji;1870;0.1
Fiji;1871;0.1
Fiji;1872;0.2
Fiji;1873;0.1
Fiji;1874;0.1
Fiji;1875;0
Fiji;1876;-0.1
Fiji;1877;-0.5
Fiji;1878;-0.3
Fiji;1879;0.2
Fiji;1880;0
Fiji;1881;-0.1
Fiji;1882;0
Fiji;1883;-0.5
Fiji;1884;-0.8
Fiji;1885;-1.1
Fiji;1886;-0.7
Fiji;1887;-0.5
Fiji;1888;-0.8
Fiji;1889;-0.4
Fiji;1890;-0.3
Fiji;1891;-0.3
Fiji;1892;-0.4
Fiji;1893;0
Fiji;1894;-0.5
Fiji;1895;-0.4
Fiji;1896;-0.5
Fiji;1897;-0.5
Fiji;1898;-0.1
Fiji;1899;-0.2
Fiji;1900;-0.7
Fiji;1901;-0.4
Fiji;1902;-1
Fiji;1903;-0.8
Fiji;1904;-0.6
Fiji;1905;-1.1
Fiji;1906;-0.6
Fiji;1907;-0.6
Fiji;1908;-0.5
Fiji;1909;-0.5
Fiji;1910;-0.3
Fiji;1911;-0.5
Fiji;1912;-0.7
Fiji;1913;-0.8
Fiji;1914;-0.8
Fiji;1915;-0.5
Fiji;1916;0
Fiji;1917;-0.1
Fiji;1918;-0.5
Fiji;1919;-0.9
Fiji;1920;-0.5
Fiji;1921;-0.6
Fiji;1922;-0.2
Fiji;1923;-0.5
Fiji;1924;-0.1
Fiji;1925;-0.4
Fiji;1926;-0.7
Fiji;1927;-0.2
Fiji;1928;-0.5
Fiji;1929;-0.5
Fiji;1930;-0.8
Fiji;1931;-0.7
Fiji;1932;-0.4
Fiji;1933;-0.4
Fiji;1934;-0.5
Fiji;1935;-0.3
Fiji;1936;-0.3
Fiji;1937;-0.2
Fiji;1938;-0.2
Fiji;1939;-0.5
Fiji;1940;-0.7
Fiji;1941;-0.6
Fiji;1942;-0.3
Fiji;1943;0.3
Fiji;1944;0.1
Fiji;1945;0
Fiji;1946;-0.3
Fiji;1947;-0.1
Fiji;1948;-0.2
Fiji;1949;-0.1
Fiji;1950;0
Fiji;1951;-0.1
Fiji;1952;0
Fiji;1953;-0.1
Fiji;1954;-0.2
Fiji;1955;-0.1
Fiji;1956;0.2
Fiji;1957;-0.3
Fiji;1958;-0.4
Fiji;1959;-0.3
Fiji;1960;-0.1
Fiji;1961;0
Fiji;1962;-0.1
Fiji;1963;-0.2
Fiji;1964;-0.1
Fiji;1965;-0.6
Fiji;1966;-0.4
Fiji;1967;-0.2
Fiji;1968;-0.1
Fiji;1969;-0.3
Fiji;1970;0.1
Fiji;1971;0.1
Fiji;1972;-0.2
Fiji;1973;0.2
Fiji;1974;0.3
Fiji;1975;0.2
Fiji;1976;0
Fiji;1977;-0.4
Fiji;1978;-0.3
Fiji;1979;-0.1
Fiji;1980;-0.1
Fiji;1981;-0.1
Fiji;1982;-0.3
Fiji;1983;-0.4
Fiji;1984;0.2
Fiji;1985;0
Fiji;1986;-0.4
Fiji;1987;-0.4
Fiji;1988;0.3
Fiji;1989;0.2
Fiji;1990;0.1
Fiji;1991;-0.1
Fiji;1992;-0.2
Fiji;1993;-0.5
Fiji;1994;-0.4
Fiji;1995;0.2
Fiji;1996;0.3
Fiji;1997;-0.2
Fiji;1998;0
Fiji;1999;0.4
Fiji;2000;0.5
Fiji;2001;0.4
Fiji;2002;0.3
Fiji;2003;0.2
Fiji;2004;0.2
Fiji;2005;0.3
Fiji;2006;0.2
Fiji;2007;0.4
Fiji;2008;0.6
Fiji;2009;0.1
Fiji;2010;0.4
Fiji;2011;0.6
Fiji;2012;0.4
Fiji;2013;0.6
Fiji;2014;0.4
Fiji;2015;-0.2
Fiji;2016;0.4
Fiji;2017;0.5
Fiji;2018;0.5
Fiji;2019;0.4
Fiji;2020;0.6
Fiji;2021;0.7
Fiji;2022;1.1
Fiji;2023;0.6
Fiji;2024;0.6
Fiji;2025;0.7
New Caledonia;1850;-0.6
New Caledonia;1851;0.2
New Caledonia;1852;-0.4
New Caledonia;1853;-0.6
New Caledonia;1854;-0.9
New Caledonia;1855;-0.8
New Caledonia;1856;-1.1
New Caledonia;1857;-0.3
New Caledonia;1858;-0.7
New Caledonia;1859;-0.2
New Caledonia;1860;-0.4
New Caledonia;1861;-0.6
New Caledonia;1862;-0.5
New Caledonia;1863;0.1
New Caledonia;1864;0.4
New Caledonia;1865;0.1
New Caledonia;1866;0
New Caledonia;1867;-0.1
New Caledonia;1868;-0.4
New Caledonia;1869;-0.1
New Caledonia;1870;0.1
New Caledonia;1871;-0.2
New Caledonia;1872;-0.1
New Caledonia;1873;-0.1
New Caledonia;1874;0
New Caledonia;1875;0
New Caledonia;1876;-0.1
New Caledonia;1877;-0.3
New Caledonia;1878;0.1
New Caledonia;1879;0.2
New Caledonia;1880;-0.2
New Caledonia;1881;-0.6
New Caledonia;1882;-0.3
New Caledonia;1883;-0.6
New Caledonia;1884;-1.1
New Caledonia;1885;-1.1
New Caledonia;1886;-0.5
New Caledonia;1887;-0.7
New Caledonia;1888;-1
New Caledonia;1889;-0.3
New Caledonia;1890;-0.2
New Caledonia;1891;-0.3
New Caledonia;1892;-0.4
New Caledonia;1893;0.6
New Caledonia;1894;-0.3
New Caledonia;1895;-0.5
New Caledonia;1896;-0.3
New Caledonia;1897;-0.2
New Caledonia;1898;-0.3
New Caledonia;1899;-0.8
New Caledonia;1900;-0.5
New Caledonia;1901;-0.9
New Caledonia;1902;-1.1
New Caledonia;1903;-0.9
New Caledonia;1904;-1
New Caledonia;1905;-1.2
New Caledonia;1906;-0.8
New Caledonia;1907;-0.4
New Caledonia;1908;-0.6
New Caledonia;1909;-0.5
New Caledonia;1910;-0.3
New Caledonia;1911;-0.7
New Caledonia;1912;-0.8
New Caledonia;1913;-0.9
New Caledonia;1914;-0.9
New Caledonia;1915;-0.5
New Caledonia;1916;-0.1
New Caledonia;1917;-0.3
New Caledonia;1918;-0.7
New Caledonia;1919;-0.6
New Caledonia;1920;-0.6
New Caledonia;1921;-0.7
New Caledonia;1922;-0.7
New Caledonia;1923;-0.7
New Caledonia;1924;-0.2
New Caledonia;1925;-0.9
New Caledonia;1926;-0.6
New Caledonia;1927;-0.5
New Caledonia;1928;-0.7
New Caledonia;1929;-0.7
New Caledonia;1930;-1.1
New Caledonia;1931;-0.7
New Caledonia;1932;-0.8
New Caledonia;1933;-0.4
New Caledonia;1934;-1
New Caledonia;1935;-0.5
New Caledonia;1936;-0.7
New Caledonia;1937;-0.7
New Caledonia;1938;-0.2
New Caledonia;1939;-0.7
New Caledonia;1940;-0.8
New Caledonia;1941;-0.6
New Caledonia;1942;-0.3
New Caledonia;1943;0
New Caledonia;1944;-0.1
New Caledonia;1945;-0.2
New Caledonia;1946;-0.5
New Caledonia;1947;-0.6
New Caledonia;1948;-0.4
New Caledonia;1949;-0.4
New Caledonia;1950;-0.2
New Caledonia;1951;-0.5
New Caledonia;1952;-0.2
New Caledonia;1953;-0.2
New Caledonia;1954;-0.5
New Caledonia;1955;-0.2
New Caledonia;1956;0.1
New Caledonia;1957;-0.4
New Caledonia;1958;-0.1
New Caledonia;1959;-0.4
New Caledonia;1960;-0.3
New Caledonia;1961;-0.5
New Caledonia;1962;-0.2
New Caledonia;1963;-0.5
New Caledonia;1964;-0.2
New Caledonia;1965;-0.8
New Caledonia;1966;-0.7
New Caledonia;1967;-0.3
New Caledonia;1968;-0.3
New Caledonia;1969;-0.5
New Caledonia;1970;0.1
New Caledonia;1971;0.1
New Caledonia;1972;-0.3
New Caledonia;1973;0.4
New Caledonia;1974;0.2
New Caledonia;1975;0.3
New Caledonia;1976;0
New Caledonia;1977;-0.5
New Caledonia;1978;-0.4
New Caledonia;1979;-0.2
New Caledonia;1980;-0.2
New Caledonia;1981;-0.1
New Caledonia;1982;-0.5
New Caledonia;1983;-0.1
New Caledonia;1984;0
New Caledonia;1985;-0.1
New Caledonia;1986;-0.1
New Caledonia;1987;-0.2
New Caledonia;1988;0.5
New Caledonia;1989;0.1
New Caledonia;1990;0.2
New Caledonia;1991;-0.5
New Caledonia;1992;-0.4
New Caledonia;1993;-0.5
New Caledonia;1994;-0.7
New Caledonia;1995;0
New Caledonia;1996;0.1
New Caledonia;1997;-0.1
New Caledonia;1998;0.9
New Caledonia;1999;0.2
New Caledonia;2000;-0.1
New Caledonia;2001;0.3
New Caledonia;2002;0.2
New Caledonia;2003;0.1
New Caledonia;2004;0.1
New Caledonia;2005;0.2
New Caledonia;2006;-0.1
New Caledonia;2007;0.1
New Caledonia;2008;0.4
New Caledonia;2009;0.1
New Caledonia;2010;0.4
New Caledonia;2011;0.4
New Caledonia;2012;0
New Caledonia;2013;0.2
New Caledonia;2014;0.1
New Caledonia;2015;0
New Caledonia;2016;0.7
New Caledonia;2017;0.5
New Caledonia;2018;0.3
New Caledonia;2019;0.2
New Caledonia;2020;0.4
New Caledonia;2021;0.4
New Caledonia;2022;1.1
New Caledonia;2023;0.3
New Caledonia;2024;0.6
New Caledonia;2025;0.7
Marshall Islands;1850;-0.1
Marshall Islands;1851;-0.4
Marshall Islands;1852;0
Marshall Islands;1853;-0.1
Marshall Islands;1854;-0.1
Marshall Islands;1855;-0.1
Marshall Islands;1856;-0.3
Marshall Islands;1857;-0.1
Marshall Islands;1858;-0.3
Marshall Islands;1859;0.1
Marshall Islands;1860;-0.2
Marshall Islands;1861;-0.4
Marshall Islands;1862;0
Marshall Islands;1863;0
Marshall Islands;1864;0
Marshall Islands;1865;-0.1
Marshall Islands;1866;-0.1
Marshall Islands;1867;-0.2
Marshall Islands;1868;-0.2
Marshall Islands;1869;-0.1
Marshall Islands;1870;-0.7
Marshall Islands;1871;-0.4
Marshall Islands;1872;-0.5
Marshall Islands;1873;-0.5
Marshall Islands;1874;-0.3
Marshall Islands;1875;-0.6
Marshall Islands;1876;-0.6
Marshall Islands;1877;-0.4
Marshall Islands;1878;-0.5
Marshall Islands;1879;-0.6
Marshall Islands;1880;-0.5
Marshall Islands;1881;-0.1
Marshall Islands;1882;0.1
Marshall Islands;1883;-0.1
Marshall Islands;1884;-0.2
Marshall Islands;1885;-0.4
Marshall Islands;1886;-0.4
Marshall Islands;1887;-0.5
Marshall Islands;1888;-0.4
Marshall Islands;1889;-0.6
Marshall Islands;1890;-0.4
Marshall Islands;1891;-0.1
Marshall Islands;1892;-0.3
Marshall Islands;1893;-0.2
Marshall Islands;1894;-0.2
Marshall Islands;1895;-0.2
Marshall Islands;1896;-0.4
Marshall Islands;1897;-0.3
Marshall Islands;1898;-0.5
Marshall Islands;1899;-0.3
Marshall Islands;1900;-0.2
Marshall Islands;1901;-0.1
Marshall Islands;1902;-0.5
Marshall Islands;1903;-0.3
Marshall Islands;1904;-0.4
Marshall Islands;1905;-0.4
Marshall Islands;1906;-0.5
Marshall Islands;1907;-0.2
Marshall Islands;1908;-0.7
Marshall Islands;1909;-0.6
Marshall Islands;1910;-0.8
Marshall Islands;1911;-0.6
Marshall Islands;1912;-0.6
Marshall Islands;1913;-0.7
Marshall Islands;1914;-0.5
Marshall Islands;1915;-0.6
Marshall Islands;1916;-1.1
Marshall Islands;1917;-1.4
Marshall Islands;1918;-0.5
Marshall Islands;1919;-0.9
Marshall Islands;1920;-0.5
Marshall Islands;1921;-0.4
Marshall Islands;1922;-0.4
Marshall Islands;1923;-0.3
Marshall Islands;1924;-0.3
Marshall Islands;1925;-0.5
Marshall Islands;1926;-0.3
Marshall Islands;1927;-0.5
Marshall Islands;1928;-0.3
Marshall Islands;1929;-0.2
Marshall Islands;1930;-0.3
Marshall Islands;1931;-0.4
Marshall Islands;1932;-0.5
Marshall Islands;1933;-0.7
Marshall Islands;1934;-0.5
Marshall Islands;1935;-0.3
Marshall Islands;1936;-0.3
Marshall Islands;1937;-0.4
Marshall Islands;1938;-0.5
Marshall Islands;1939;-0.3
Marshall Islands;1940;0
Marshall Islands;1941;0.1
Marshall Islands;1942;-0.1
Marshall Islands;1943;0
Marshall Islands;1944;0.1
Marshall Islands;1945;0
Marshall Islands;1946;0.2
Marshall Islands;1947;0.1
Marshall Islands;1948;-0.4
Marshall Islands;1949;-0.6
Marshall Islands;1950;-0.4
Marshall Islands;1951;-0.1
Marshall Islands;1952;-0.3
Marshall Islands;1953;-0.2
Marshall Islands;1954;-0.3
Marshall Islands;1955;-0.4
Marshall Islands;1956;-0.1
Marshall Islands;1957;-0.1
Marshall Islands;1958;0.1
Marshall Islands;1959;0
Marshall Islands;1960;-0.1
Marshall Islands;1961;-0.1
Marshall Islands;1962;0.1
Marshall Islands;1963;0.2
Marshall Islands;1964;-0.2
Marshall Islands;1965;-0.1
Marshall Islands;1966;0.2
Marshall Islands;1967;0.1
Marshall Islands;1968;0.2
Marshall Islands;1969;0.2
Marshall Islands;1970;-0.2
Marshall Islands;1971;-0.5
Marshall Islands;1972;-0.2
Marshall Islands;1973;-0.3
Marshall Islands;1974;-0.3
Marshall Islands;1975;-0.7
Marshall Islands;1976;-0.3
Marshall Islands;1977;-0.1
Marshall Islands;1978;0
Marshall Islands;1979;0.1
Marshall Islands;1980;0.2
Marshall Islands;1981;0.1
Marshall Islands;1982;0.1
Marshall Islands;1983;-0.2
Marshall Islands;1984;-0.1
Marshall Islands;1985;0
Marshall Islands;1986;0.2
Marshall Islands;1987;0
Marshall Islands;1988;0
Marshall Islands;1989;-0.1
Marshall Islands;1990;0.4
Marshall Islands;1991;0.3
Marshall Islands;1992;0.1
Marshall Islands;1993;0
Marshall Islands;1994;0.2
Marshall Islands;1995;0.3
Marshall Islands;1996;0.3
Marshall Islands;1997;0.3
Marshall Islands;1998;-0.3
Marshall Islands;1999;-0.3
Marshall Islands;2000;-0.1
Marshall Islands;2001;0.2
Marshall Islands;2002;0.4
Marshall Islands;2003;0.5
Marshall Islands;2004;0.6
Marshall Islands;2005;0.5
Marshall Islands;2006;0.4
Marshall Islands;2007;0.3
Marshall Islands;2008;-0.2
Marshall Islands;2009;0.4
Marshall Islands;2010;0
Marshall Islands;2011;0.2
Marshall Islands;2012;0.2
Marshall Islands;2013;0.4
Marshall Islands;2014;0.7
Marshall Islands;2015;0.7
Marshall Islands;2016;0.5
Marshall Islands;2017;0.6
Marshall Islands;2018;0.7
Marshall Islands;2019;0.7
Marshall Islands;2020;0.5
Marshall Islands;2021;0.3
Marshall Islands;2022;0.2
Marshall Islands;2023;0.6
Marshall Islands;2024;0.8
Marshall Islands;2025;0.4
Pitcairn;1850;0.1
Pitcairn;1851;-0.2
Pitcairn;1852;-0.1
Pitcairn;1853;-0.1
Pitcairn;1854;0.2
Pitcairn;1855;-0.4
Pitcairn;1856;0
Pitcairn;1857;0.2
Pitcairn;1858;-0.2
Pitcairn;1859;-0.3
Pitcairn;1860;-0.1
Pitcairn;1861;-0.2
Pitcairn;1862;-0.1
Pitcairn;1863;-0.2
Pitcairn;1864;-0.2
Pitcairn;1865;-0.2
Pitcairn;1866;-0.2
Pitcairn;1867;-0.2
Pitcairn;1868;0.1
Pitcairn;1869;-0.4
Pitcairn;1870;0.3
Pitcairn;1871;0.1
Pitcairn;1872;-0.5
Pitcairn;1873;-0.5
Pitcairn;1874;-0.3
Pitcairn;1875;-0.6
Pitcairn;1876;-0.6
Pitcairn;1877;-0.6
Pitcairn;1878;-0.4
Pitcairn;1879;-0.3
Pitcairn;1880;0.1
Pitcairn;1881;-0.1
Pitcairn;1882;0
Pitcairn;1883;-0.2
Pitcairn;1884;-0.2
Pitcairn;1885;-0.7
Pitcairn;1886;-0.5
Pitcairn;1887;0.1
Pitcairn;1888;-0.5
Pitcairn;1889;-0.4
Pitcairn;1890;-0.6
Pitcairn;1891;-0.5
Pitcairn;1892;-0.1
Pitcairn;1893;-0.1
Pitcairn;1894;-0.3
Pitcairn;1895;-0.3
Pitcairn;1896;-0.1
Pitcairn;1897;-0.1
Pitcairn;1898;-0.2
Pitcairn;1899;0.4
Pitcairn;1900;-0.1
Pitcairn;1901;-0.3
Pitcairn;1902;-0.1
Pitcairn;1903;-0.2
Pitcairn;1904;-0.4
Pitcairn;1905;-0.6
Pitcairn;1906;-0.4
Pitcairn;1907;-0.1
Pitcairn;1908;-0.2
Pitcairn;1909;-0.7
Pitcairn;1910;-0.7
Pitcairn;1911;-0.5
Pitcairn;1912;-0.8
Pitcairn;1913;-0.8
Pitcairn;1914;-0.9
Pitcairn;1915;-0.8
Pitcairn;1916;-0.2
Pitcairn;1917;-0.8
Pitcairn;1918;-0.1
Pitcairn;1919;-0.3
Pitcairn;1920;-0.2
Pitcairn;1921;-0.6
Pitcairn;1922;-0.4
Pitcairn;1923;-0.6
Pitcairn;1924;-0.8
Pitcairn;1925;-0.4
Pitcairn;1926;-0.4
Pitcairn;1927;-0.3
Pitcairn;1928;-0.3
Pitcairn;1929;-0.4
Pitcairn;1930;-0.4
Pitcairn;1931;-0.5
Pitcairn;1932;-0.2
Pitcairn;1933;0.1
Pitcairn;1934;-0.2
Pitcairn;1935;0
Pitcairn;1936;-0.4
Pitcairn;1937;-0.3
Pitcairn;1938;-0.4
Pitcairn;1939;0
Pitcairn;1940;-0.3
Pitcairn;1941;-0.3
Pitcairn;1942;-0.3
Pitcairn;1943;-0.2
Pitcairn;1944;0.1
Pitcairn;1945;-0.1
Pitcairn;1946;-0.3
Pitcairn;1947;-0.1
Pitcairn;1948;-0.3
Pitcairn;1949;-0.3
Pitcairn;1950;-0.3
Pitcairn;1951;-0.3
Pitcairn;1952;-0.2
Pitcairn;1953;-0.1
Pitcairn;1954;-0.3
Pitcairn;1955;-0.3
Pitcairn;1956;-0.2
Pitcairn;1957;0
Pitcairn;1958;-0.5
Pitcairn;1959;-0.4
Pitcairn;1960;-0.2
Pitcairn;1961;-0.1
Pitcairn;1962;-0.4
Pitcairn;1963;-0.5
Pitcairn;1964;-0.3
Pitcairn;1965;-0.3
Pitcairn;1966;-0.5
Pitcairn;1967;-0.2
Pitcairn;1968;-0.5
Pitcairn;1969;-0.3
Pitcairn;1970;-0.2
Pitcairn;1971;-0.1
Pitcairn;1972;-0.2
Pitcairn;1973;-0.1
Pitcairn;1974;-0.3
Pitcairn;1975;-0.3
Pitcairn;1976;-0.4
Pitcairn;1977;-0.5
Pitcairn;1978;-0.4
Pitcairn;1979;-0.5
Pitcairn;1980;-0.1
Pitcairn;1981;-0.1
Pitcairn;1982;0
Pitcairn;1983;-0.5
Pitcairn;1984;0.2
Pitcairn;1985;0.1
Pitcairn;1986;-0.1
Pitcairn;1987;0
Pitcairn;1988;-0.2
Pitcairn;1989;0
Pitcairn;1990;0.1
Pitcairn;1991;-0.1
Pitcairn;1992;-0.1
Pitcairn;1993;-0.4
Pitcairn;1994;0
Pitcairn;1995;0.3
Pitcairn;1996;-0.1
Pitcairn;1997;0.1
Pitcairn;1998;-0.2
Pitcairn;1999;0.4
Pitcairn;2000;0.3
Pitcairn;2001;0.5
Pitcairn;2002;0.8
Pitcairn;2003;0.1
Pitcairn;2004;0
Pitcairn;2005;0.1
Pitcairn;2006;0.4
Pitcairn;2007;0.2
Pitcairn;2008;0
Pitcairn;2009;0.1
Pitcairn;2010;0.1
Pitcairn;2011;0.1
Pitcairn;2012;0.1
Pitcairn;2013;0
Pitcairn;2014;-0.1
Pitcairn;2015;0
Pitcairn;2016;0.2
Pitcairn;2017;0.5
Pitcairn;2018;0.5
Pitcairn;2019;0.1
Pitcairn;2020;0.2
Pitcairn;2021;0.3
Pitcairn;2022;0.3
Pitcairn;2023;0.3
Pitcairn;2024;-0.1
Pitcairn;2025;0.6
French Polynesia;1850;-0.6
French Polynesia;1851;-0.3
French Polynesia;1852;-0.4
French Polynesia;1853;0
French Polynesia;1854;0.1
French Polynesia;1855;-0.2
French Polynesia;1856;-0.3
French Polynesia;1857;-0.7
French Polynesia;1858;0
French Polynesia;1859;0
French Polynesia;1860;-0.3
French Polynesia;1861;-0.7
French Polynesia;1862;-0.8
French Polynesia;1863;-0.6
French Polynesia;1864;-0.4
French Polynesia;1865;-0.4
French Polynesia;1866;-0.4
French Polynesia;1867;-0.5
French Polynesia;1868;-0.4
French Polynesia;1869;-0.6
French Polynesia;1870;-0.6
French Polynesia;1871;-0.4
French Polynesia;1872;-0.5
French Polynesia;1873;-1.1
French Polynesia;1874;-0.9
French Polynesia;1875;-0.8
French Polynesia;1876;-0.7
French Polynesia;1877;0
French Polynesia;1878;-0.1
French Polynesia;1879;-0.6
French Polynesia;1880;-0.4
French Polynesia;1881;-0.1
French Polynesia;1882;-0.2
French Polynesia;1883;-0.5
French Polynesia;1884;-0.5
French Polynesia;1885;-0.5
French Polynesia;1886;-0.8
French Polynesia;1887;-0.6
French Polynesia;1888;0.1
French Polynesia;1889;0.1
French Polynesia;1890;-1.3
French Polynesia;1891;-0.7
French Polynesia;1892;-0.5
French Polynesia;1893;-1.1
French Polynesia;1894;-0.4
French Polynesia;1895;-0.3
French Polynesia;1896;0.2
French Polynesia;1897;0.4
French Polynesia;1898;-0.2
French Polynesia;1899;0
French Polynesia;1900;0.6
French Polynesia;1901;0.5
French Polynesia;1902;0.4
French Polynesia;1903;0
French Polynesia;1904;-0.7
French Polynesia;1905;0
French Polynesia;1906;0.1
French Polynesia;1907;-0.4
French Polynesia;1908;-0.3
French Polynesia;1909;-1.1
French Polynesia;1910;-1.1
French Polynesia;1911;-0.7
French Polynesia;1912;-0.3
French Polynesia;1913;-0.3
French Polynesia;1914;-0.3
French Polynesia;1915;0.1
French Polynesia;1916;-0.4
French Polynesia;1917;-1.2
French Polynesia;1918;-0.5
French Polynesia;1919;-0.2
French Polynesia;1920;0
French Polynesia;1921;-0.6
French Polynesia;1922;-0.4
French Polynesia;1923;-0.5
French Polynesia;1924;-0.5
French Polynesia;1925;-0.5
French Polynesia;1926;0
French Polynesia;1927;-0.3
French Polynesia;1928;-0.3
French Polynesia;1929;-0.3
French Polynesia;1930;-0.1
French Polynesia;1931;0.1
French Polynesia;1932;0
French Polynesia;1933;-0.5
French Polynesia;1934;-0.5
French Polynesia;1935;-0.5
French Polynesia;1936;-0.6
French Polynesia;1937;-0.4
French Polynesia;1938;-0.7
French Polynesia;1939;-0.7
French Polynesia;1940;0.3
French Polynesia;1941;0.2
French Polynesia;1942;-0.1
French Polynesia;1943;-0.2
French Polynesia;1944;0.2
French Polynesia;1945;0.2
French Polynesia;1946;-0.2
French Polynesia;1947;-0.1
French Polynesia;1948;0
French Polynesia;1949;0.2
French Polynesia;1950;-0.6
French Polynesia;1951;-0.2
French Polynesia;1952;0.2
French Polynesia;1953;0.2
French Polynesia;1954;-0.2
French Polynesia;1955;-0.8
French Polynesia;1956;-0.8
French Polynesia;1957;0
French Polynesia;1958;0.1
French Polynesia;1959;0
French Polynesia;1960;0
French Polynesia;1961;-0.2
French Polynesia;1962;-0.4
French Polynesia;1963;-0.1
French Polynesia;1964;-0.3
French Polynesia;1965;-0.1
French Polynesia;1966;0
French Polynesia;1967;-0.5
French Polynesia;1968;-0.5
French Polynesia;1969;0.2
French Polynesia;1970;-0.2
French Polynesia;1971;-0.8
French Polynesia;1972;-0.2
French Polynesia;1973;0.1
French Polynesia;1974;-0.9
French Polynesia;1975;-0.8
French Polynesia;1976;-0.7
French Polynesia;1977;0.1
French Polynesia;1978;-0.2
French Polynesia;1979;-0.2
French Polynesia;1980;0
French Polynesia;1981;-0.4
French Polynesia;1982;0.2
French Polynesia;1983;0
French Polynesia;1984;0.1
French Polynesia;1985;-0.2
French Polynesia;1986;-0.1
French Polynesia;1987;0.4
French Polynesia;1988;0.1
French Polynesia;1989;-0.3
French Polynesia;1990;-0.1
French Polynesia;1991;0.4
French Polynesia;1992;0.3
French Polynesia;1993;0.2
French Polynesia;1994;0.4
French Polynesia;1995;0.2
French Polynesia;1996;-0.1
French Polynesia;1997;0.1
French Polynesia;1998;0.3
French Polynesia;1999;0.1
French Polynesia;2000;0
French Polynesia;2001;0.2
French Polynesia;2002;0.4
French Polynesia;2003;0.5
French Polynesia;2004;0.4
French Polynesia;2005;0.4
French Polynesia;2006;0.4
French Polynesia;2007;0.4
French Polynesia;2008;-0.1
French Polynesia;2009;0.4
French Polynesia;2010;0.3
French Polynesia;2011;-0.5
French Polynesia;2012;0.4
French Polynesia;2013;0.3
French Polynesia;2014;0.2
French Polynesia;2015;0.4
French Polynesia;2016;0.9
French Polynesia;2017;0.6
French Polynesia;2018;0.2
French Polynesia;2019;0.6
French Polynesia;2020;0.5
French Polynesia;2021;0.1
French Polynesia;2022;-0.3
French Polynesia;2023;0.5
French Polynesia;2024;0.7
French Polynesia;2025;0.5
Northern Mariana Islands;1850;-0.4
Northern Mariana Islands;1851;0.2
Northern Mariana Islands;1852;0.1
Northern Mariana Islands;1853;-0.2
Northern Mariana Islands;1854;-0.1
Northern Mariana Islands;1855;-0.6
Northern Mariana Islands;1856;-0.3
Northern Mariana Islands;1857;-0.1
Northern Mariana Islands;1858;-0.5
Northern Mariana Islands;1859;0.1
Northern Mariana Islands;1860;-0.3
Northern Mariana Islands;1861;-0.6
Northern Mariana Islands;1862;-0.6
Northern Mariana Islands;1863;-0.4
Northern Mariana Islands;1864;-0.4
Northern Mariana Islands;1865;-0.1
Northern Mariana Islands;1866;-0.1
Northern Mariana Islands;1867;-0.3
Northern Mariana Islands;1868;-0.3
Northern Mariana Islands;1869;0.2
Northern Mariana Islands;1870;0.3
Northern Mariana Islands;1871;-0.2
Northern Mariana Islands;1872;0
Northern Mariana Islands;1873;0
Northern Mariana Islands;1874;-0.2
Northern Mariana Islands;1875;-0.1
Northern Mariana Islands;1876;0.1
Northern Mariana Islands;1877;-0.1
Northern Mariana Islands;1878;0.4
Northern Mariana Islands;1879;0.1
Northern Mariana Islands;1880;-0.8
Northern Mariana Islands;1881;-0.1
Northern Mariana Islands;1882;-0.1
Northern Mariana Islands;1883;-0.6
Northern Mariana Islands;1884;-0.4
Northern Mariana Islands;1885;-0.8
Northern Mariana Islands;1886;-0.4
Northern Mariana Islands;1887;0.1
Northern Mariana Islands;1888;0
Northern Mariana Islands;1889;0.1
Northern Mariana Islands;1890;0.1
Northern Mariana Islands;1891;0.1
Northern Mariana Islands;1892;0.3
Northern Mariana Islands;1893;-0.2
Northern Mariana Islands;1894;0
Northern Mariana Islands;1895;0.1
Northern Mariana Islands;1896;0.3
Northern Mariana Islands;1897;0.6
Northern Mariana Islands;1898;0.2
Northern Mariana Islands;1899;-0.5
Northern Mariana Islands;1900;-0.1
Northern Mariana Islands;1901;0
Northern Mariana Islands;1902;-0.3
Northern Mariana Islands;1903;-0.7
Northern Mariana Islands;1904;-0.6
Northern Mariana Islands;1905;-0.5
Northern Mariana Islands;1906;-0.3
Northern Mariana Islands;1907;-0.5
Northern Mariana Islands;1908;-0.3
Northern Mariana Islands;1909;-0.4
Northern Mariana Islands;1910;-0.2
Northern Mariana Islands;1911;-0.6
Northern Mariana Islands;1912;-0.6
Northern Mariana Islands;1913;-0.6
Northern Mariana Islands;1914;-0.7
Northern Mariana Islands;1915;-0.5
Northern Mariana Islands;1916;-0.4
Northern Mariana Islands;1917;-0.5
Northern Mariana Islands;1918;-0.7
Northern Mariana Islands;1919;-0.6
Northern Mariana Islands;1920;-0.8
Northern Mariana Islands;1921;-0.2
Northern Mariana Islands;1922;-0.3
Northern Mariana Islands;1923;-0.7
Northern Mariana Islands;1924;-0.3
Northern Mariana Islands;1925;-0.4
Northern Mariana Islands;1926;-0.3
Northern Mariana Islands;1927;-0.2
Northern Mariana Islands;1928;-0.6
Northern Mariana Islands;1929;-0.4
Northern Mariana Islands;1930;-0.5
Northern Mariana Islands;1931;-0.2
Northern Mariana Islands;1932;-0.5
Northern Mariana Islands;1933;-0.4
Northern Mariana Islands;1934;-0.4
Northern Mariana Islands;1935;-0.4
Northern Mariana Islands;1936;-0.4
Northern Mariana Islands;1937;-0.3
Northern Mariana Islands;1938;-0.2
Northern Mariana Islands;1939;-0.3
Northern Mariana Islands;1940;-0.4
Northern Mariana Islands;1941;0
Northern Mariana Islands;1942;-0.2
Northern Mariana Islands;1943;0.1
Northern Mariana Islands;1944;0.2
Northern Mariana Islands;1945;0.4
Northern Mariana Islands;1946;0.3
Northern Mariana Islands;1947;0
Northern Mariana Islands;1948;-0.1
Northern Mariana Islands;1949;-0.1
Northern Mariana Islands;1950;0
Northern Mariana Islands;1951;0.1
Northern Mariana Islands;1952;0
Northern Mariana Islands;1953;0
Northern Mariana Islands;1954;0
Northern Mariana Islands;1955;-0.2
Northern Mariana Islands;1956;-0.3
Northern Mariana Islands;1957;-0.3
Northern Mariana Islands;1958;-0.3
Northern Mariana Islands;1959;-0.2
Northern Mariana Islands;1960;0
Northern Mariana Islands;1961;0
Northern Mariana Islands;1962;-0.2
Northern Mariana Islands;1963;-0.2
Northern Mariana Islands;1964;-0.1
Northern Mariana Islands;1965;-0.4
Northern Mariana Islands;1966;-0.1
Northern Mariana Islands;1967;-0.1
Northern Mariana Islands;1968;-0.2
Northern Mariana Islands;1969;0
Northern Mariana Islands;1970;0.1
Northern Mariana Islands;1971;0
Northern Mariana Islands;1972;-0.6
Northern Mariana Islands;1973;-0.1
Northern Mariana Islands;1974;-0.1
Northern Mariana Islands;1975;0
Northern Mariana Islands;1976;-0.1
Northern Mariana Islands;1977;-0.2
Northern Mariana Islands;1978;-0.1
Northern Mariana Islands;1979;-0.2
Northern Mariana Islands;1980;-0.1
Northern Mariana Islands;1981;0.1
Northern Mariana Islands;1982;-0.2
Northern Mariana Islands;1983;-0.2
Northern Mariana Islands;1984;0.1
Northern Mariana Islands;1985;-0.1
Northern Mariana Islands;1986;-0.1
Northern Mariana Islands;1987;0
Northern Mariana Islands;1988;0.5
Northern Mariana Islands;1989;0.1
Northern Mariana Islands;1990;-0.2
Northern Mariana Islands;1991;-0.2
Northern Mariana Islands;1992;-0.3
Northern Mariana Islands;1993;-0.3
Northern Mariana Islands;1994;-0.1
Northern Mariana Islands;1995;0
Northern Mariana Islands;1996;0.3
Northern Mariana Islands;1997;0
Northern Mariana Islands;1998;0.2
Northern Mariana Islands;1999;0.6
Northern Mariana Islands;2000;0.4
Northern Mariana Islands;2001;0.6
Northern Mariana Islands;2002;0.3
Northern Mariana Islands;2003;0.3
Northern Mariana Islands;2004;0.1
Northern Mariana Islands;2005;0.2
Northern Mariana Islands;2006;0.1
Northern Mariana Islands;2007;0.4
Northern Mariana Islands;2008;0.6
Northern Mariana Islands;2009;0.4
Northern Mariana Islands;2010;0.2
Northern Mariana Islands;2011;0.3
Northern Mariana Islands;2012;0.2
Northern Mariana Islands;2013;0.4
Northern Mariana Islands;2014;0.4
Northern Mariana Islands;2015;0.2
Northern Mariana Islands;2016;0.5
Northern Mariana Islands;2017;0.8
Northern Mariana Islands;2018;0.6
Northern Mariana Islands;2019;0.7
Northern Mariana Islands;2020;0.8
Northern Mariana Islands;2021;0.8
Northern Mariana Islands;2022;0.7
Northern Mariana Islands;2023;0.6
Northern Mariana Islands;2024;0.6
Northern Mariana Islands;2025;0.9
Guam;1850;-0.2
Guam;1851;0.1
Guam;1852;0
Guam;1853;-0.2
Guam;1854;-0.2
Guam;1855;-0.6
Guam;1856;-0.3
Guam;1857;-0.1
Guam;1858;-0.6
Guam;1859;0
Guam;1860;-0.4
Guam;1861;-0.7
Guam;1862;-0.6
Guam;1863;-0.3
Guam;1864;-0.2
Guam;1865;-0.1
Guam;1866;0
Guam;1867;-0.2
Guam;1868;-0.2
Guam;1869;0.1
Guam;1870;0.1
Guam;1871;-0.1
Guam;1872;0
Guam;1873;0.1
Guam;1874;-0.1
Guam;1875;-0.2
Guam;1876;0.1
Guam;1877;-0.1
Guam;1878;0.2
Guam;1879;-0.1
Guam;1880;-0.5
Guam;1881;-0.1
Guam;1882;-0.2
Guam;1883;-0.5
Guam;1884;-0.7
Guam;1885;-0.7
Guam;1886;-0.4
Guam;1887;0
Guam;1888;-0.2
Guam;1889;0
Guam;1890;0
Guam;1891;0.3
Guam;1892;0.2
Guam;1893;0
Guam;1894;-0.1
Guam;1895;0
Guam;1896;-0.1
Guam;1897;0.3
Guam;1898;0
Guam;1899;-0.4
Guam;1900;-0.1
Guam;1901;-0.1
Guam;1902;-0.4
Guam;1903;-0.7
Guam;1904;-0.6
Guam;1905;-0.7
Guam;1906;-0.5
Guam;1907;-0.4
Guam;1908;-0.3
Guam;1909;-0.4
Guam;1910;-0.2
Guam;1911;-0.6
Guam;1912;-0.7
Guam;1913;-0.7
Guam;1914;-0.7
Guam;1915;-0.5
Guam;1916;-0.4
Guam;1917;-0.4
Guam;1918;-0.8
Guam;1919;-0.9
Guam;1920;-0.8
Guam;1921;-0.1
Guam;1922;-0.2
Guam;1923;-0.6
Guam;1924;-0.4
Guam;1925;-0.2
Guam;1926;-0.3
Guam;1927;-0.1
Guam;1928;-0.4
Guam;1929;-0.4
Guam;1930;-0.6
Guam;1931;-0.3
Guam;1932;-0.5
Guam;1933;-0.4
Guam;1934;-0.3
Guam;1935;-0.4
Guam;1936;-0.4
Guam;1937;-0.3
Guam;1938;-0.2
Guam;1939;-0.2
Guam;1940;-0.4
Guam;1941;-0.4
Guam;1942;-0.4
Guam;1943;0.2
Guam;1944;0.2
Guam;1945;0.3
Guam;1946;0.2
Guam;1947;0
Guam;1948;-0.2
Guam;1949;-0.2
Guam;1950;-0.1
Guam;1951;-0.1
Guam;1952;-0.2
Guam;1953;-0.1
Guam;1954;-0.2
Guam;1955;-0.3
Guam;1956;-0.3
Guam;1957;-0.3
Guam;1958;-0.5
Guam;1959;-0.3
Guam;1960;-0.1
Guam;1961;-0.2
Guam;1962;-0.2
Guam;1963;-0.2
Guam;1964;-0.1
Guam;1965;-0.4
Guam;1966;-0.3
Guam;1967;-0.3
Guam;1968;-0.2
Guam;1969;-0.1
Guam;1970;0
Guam;1971;0
Guam;1972;-0.6
Guam;1973;-0.2
Guam;1974;-0.1
Guam;1975;-0.1
Guam;1976;-0.2
Guam;1977;-0.2
Guam;1978;-0.2
Guam;1979;-0.2
Guam;1980;-0.2
Guam;1981;0.1
Guam;1982;-0.1
Guam;1983;-0.2
Guam;1984;0.2
Guam;1985;0
Guam;1986;0
Guam;1987;-0.1
Guam;1988;0.3
Guam;1989;0.2
Guam;1990;-0.1
Guam;1991;-0.2
Guam;1992;-0.4
Guam;1993;-0.3
Guam;1994;0
Guam;1995;0.2
Guam;1996;0.4
Guam;1997;0
Guam;1998;0.2
Guam;1999;0.4
Guam;2000;0.4
Guam;2001;0.5
Guam;2002;0.3
Guam;2003;0.3
Guam;2004;0.1
Guam;2005;0.2
Guam;2006;0.1
Guam;2007;0.4
Guam;2008;0.5
Guam;2009;0.4
Guam;2010;0.3
Guam;2011;0.5
Guam;2012;0.4
Guam;2013;0.5
Guam;2014;0.5
Guam;2015;0.2
Guam;2016;0.4
Guam;2017;0.8
Guam;2018;0.6
Guam;2019;0.6
Guam;2020;0.7
Guam;2021;0.8
Guam;2022;0.7
Guam;2023;0.7
Guam;2024;0.6
Guam;2025;0.9
Palau;1850;0
Palau;1851;0
Palau;1852;0
Palau;1853;0.1
Palau;1854;0.2
Palau;1855;-0.5
Palau;1856;0
Palau;1857;-0.1
Palau;1858;-0.6
Palau;1859;0.1
Palau;1860;-0.1
Palau;1861;-0.6
Palau;1862;-0.7
Palau;1863;-0.1
Palau;1864;-0.1
Palau;1865;0
Palau;1866;-0.1
Palau;1867;-0.2
Palau;1868;-0.2
Palau;1869;0.3
Palau;1870;0.2
Palau;1871;-0.1
Palau;1872;0.1
Palau;1873;0.3
Palau;1874;0
Palau;1875;-0.2
Palau;1876;0
Palau;1877;0
Palau;1878;0.4
Palau;1879;0
Palau;1880;-0.2
Palau;1881;-0.1
Palau;1882;-0.1
Palau;1883;-0.6
Palau;1884;-1
Palau;1885;-0.5
Palau;1886;-0.2
Palau;1887;0.1
Palau;1888;0
Palau;1889;0.3
Palau;1890;0.1
Palau;1891;0.2
Palau;1892;0
Palau;1893;-0.1
Palau;1894;-0.2
Palau;1895;-0.1
Palau;1896;-0.3
Palau;1897;0.3
Palau;1898;-0.1
Palau;1899;-0.4
Palau;1900;-0.1
Palau;1901;-0.4
Palau;1902;-0.6
Palau;1903;-0.5
Palau;1904;-0.7
Palau;1905;-0.8
Palau;1906;-0.4
Palau;1907;-0.5
Palau;1908;-0.3
Palau;1909;-0.4
Palau;1910;-0.3
Palau;1911;-0.6
Palau;1912;-0.7
Palau;1913;-0.8
Palau;1914;-0.6
Palau;1915;-0.3
Palau;1916;-0.2
Palau;1917;-0.3
Palau;1918;-1
Palau;1919;-0.7
Palau;1920;-0.7
Palau;1921;-0.1
Palau;1922;-0.2
Palau;1923;-0.5
Palau;1924;-0.4
Palau;1925;-0.3
Palau;1926;-0.4
Palau;1927;-0.2
Palau;1928;-0.4
Palau;1929;-0.6
Palau;1930;-0.5
Palau;1931;-0.3
Palau;1932;-0.5
Palau;1933;-0.4
Palau;1934;-0.5
Palau;1935;-0.6
Palau;1936;-0.5
Palau;1937;-0.3
Palau;1938;-0.3
Palau;1939;-0.3
Palau;1940;-0.4
Palau;1941;-0.3
Palau;1942;-0.2
Palau;1943;0.1
Palau;1944;0.1
Palau;1945;0.3
Palau;1946;0.2
Palau;1947;-0.1
Palau;1948;-0.3
Palau;1949;-0.4
Palau;1950;-0.2
Palau;1951;-0.3
Palau;1952;-0.4
Palau;1953;-0.2
Palau;1954;-0.1
Palau;1955;-0.3
Palau;1956;-0.3
Palau;1957;-0.2
Palau;1958;-0.5
Palau;1959;-0.4
Palau;1960;-0.1
Palau;1961;-0.3
Palau;1962;-0.3
Palau;1963;-0.4
Palau;1964;-0.1
Palau;1965;-0.5
Palau;1966;-0.4
Palau;1967;-0.5
Palau;1968;-0.3
Palau;1969;-0.2
Palau;1970;0
Palau;1971;-0.2
Palau;1972;-0.4
Palau;1973;-0.1
Palau;1974;-0.2
Palau;1975;-0.2
Palau;1976;-0.4
Palau;1977;-0.2
Palau;1978;-0.1
Palau;1979;-0.2
Palau;1980;-0.3
Palau;1981;0.1
Palau;1982;-0.1
Palau;1983;-0.1
Palau;1984;0
Palau;1985;0
Palau;1986;-0.1
Palau;1987;-0.1
Palau;1988;0.3
Palau;1989;0.2
Palau;1990;-0.2
Palau;1991;-0.4
Palau;1992;-0.2
Palau;1993;-0.3
Palau;1994;-0.1
Palau;1995;0.2
Palau;1996;0.3
Palau;1997;0
Palau;1998;0.4
Palau;1999;0.3
Palau;2000;0.3
Palau;2001;0.3
Palau;2002;0.1
Palau;2003;0.1
Palau;2004;0
Palau;2005;0.2
Palau;2006;0.2
Palau;2007;0.2
Palau;2008;0.2
Palau;2009;0.3
Palau;2010;0.7
Palau;2011;0.4
Palau;2012;0.4
Palau;2013;0.6
Palau;2014;0.5
Palau;2015;0.2
Palau;2016;0.6
Palau;2017;0.7
Palau;2018;0.5
Palau;2019;0.3
Palau;2020;0.8
Palau;2021;0.8
Palau;2022;0.8
Palau;2023;0.8
Palau;2024;0.9
Palau;2025;0.9
Vanuatu;1850;-0.4
Vanuatu;1851;0
Vanuatu;1852;-0.3
Vanuatu;1853;-0.6
Vanuatu;1854;-0.9
Vanuatu;1855;-0.7
Vanuatu;1856;-1
Vanuatu;1857;-0.1
Vanuatu;1858;-0.5
Vanuatu;1859;-0.3
Vanuatu;1860;-0.5
Vanuatu;1861;-0.6
Vanuatu;1862;-0.3
Vanuatu;1863;0
Vanuatu;1864;0.1
Vanuatu;1865;-0.1
Vanuatu;1866;0
Vanuatu;1867;0
Vanuatu;1868;-0.3
Vanuatu;1869;0
Vanuatu;1870;0
Vanuatu;1871;-0.2
Vanuatu;1872;-0.1
Vanuatu;1873;-0.1
Vanuatu;1874;-0.1
Vanuatu;1875;0
Vanuatu;1876;-0.2
Vanuatu;1877;-0.5
Vanuatu;1878;-0.2
Vanuatu;1879;0.1
Vanuatu;1880;-0.1
Vanuatu;1881;-0.2
Vanuatu;1882;-0.1
Vanuatu;1883;-0.4
Vanuatu;1884;-0.9
Vanuatu;1885;-1.1
Vanuatu;1886;-0.7
Vanuatu;1887;-0.4
Vanuatu;1888;-0.9
Vanuatu;1889;-0.4
Vanuatu;1890;-0.1
Vanuatu;1891;-0.2
Vanuatu;1892;-0.3
Vanuatu;1893;0.4
Vanuatu;1894;-0.4
Vanuatu;1895;-0.4
Vanuatu;1896;-0.3
Vanuatu;1897;-0.2
Vanuatu;1898;-0.2
Vanuatu;1899;-0.4
Vanuatu;1900;-0.4
Vanuatu;1901;-0.7
Vanuatu;1902;-1
Vanuatu;1903;-0.9
Vanuatu;1904;-0.7
Vanuatu;1905;-1.1
Vanuatu;1906;-0.8
Vanuatu;1907;-0.4
Vanuatu;1908;-0.4
Vanuatu;1909;-0.4
Vanuatu;1910;-0.2
Vanuatu;1911;-0.6
Vanuatu;1912;-0.7
Vanuatu;1913;-0.9
Vanuatu;1914;-0.9
Vanuatu;1915;-0.5
Vanuatu;1916;0
Vanuatu;1917;-0.2
Vanuatu;1918;-0.6
Vanuatu;1919;-0.9
Vanuatu;1920;-0.6
Vanuatu;1921;-0.5
Vanuatu;1922;-0.4
Vanuatu;1923;-0.6
Vanuatu;1924;-0.1
Vanuatu;1925;-0.6
Vanuatu;1926;-0.6
Vanuatu;1927;-0.4
Vanuatu;1928;-0.5
Vanuatu;1929;-0.6
Vanuatu;1930;-0.9
Vanuatu;1931;-0.7
Vanuatu;1932;-0.7
Vanuatu;1933;-0.3
Vanuatu;1934;-0.7
Vanuatu;1935;-0.4
Vanuatu;1936;-0.4
Vanuatu;1937;-0.4
Vanuatu;1938;-0.1
Vanuatu;1939;-0.5
Vanuatu;1940;-0.8
Vanuatu;1941;-0.7
Vanuatu;1942;-0.4
Vanuatu;1943;0.3
Vanuatu;1944;0
Vanuatu;1945;0
Vanuatu;1946;-0.5
Vanuatu;1947;-0.4
Vanuatu;1948;-0.3
Vanuatu;1949;-0.4
Vanuatu;1950;-0.1
Vanuatu;1951;-0.3
Vanuatu;1952;-0.2
Vanuatu;1953;-0.3
Vanuatu;1954;-0.4
Vanuatu;1955;-0.2
Vanuatu;1956;0.2
Vanuatu;1957;-0.4
Vanuatu;1958;-0.4
Vanuatu;1959;-0.4
Vanuatu;1960;-0.2
Vanuatu;1961;-0.2
Vanuatu;1962;0
Vanuatu;1963;-0.3
Vanuatu;1964;-0.2
Vanuatu;1965;-0.8
Vanuatu;1966;-0.7
Vanuatu;1967;-0.3
Vanuatu;1968;-0.2
Vanuatu;1969;-0.3
Vanuatu;1970;0.1
Vanuatu;1971;0.2
Vanuatu;1972;-0.3
Vanuatu;1973;0.2
Vanuatu;1974;0.3
Vanuatu;1975;0.2
Vanuatu;1976;0
Vanuatu;1977;-0.4
Vanuatu;1978;-0.3
Vanuatu;1979;-0.1
Vanuatu;1980;-0.2
Vanuatu;1981;0
Vanuatu;1982;-0.4
Vanuatu;1983;-0.3
Vanuatu;1984;0.1
Vanuatu;1985;0.1
Vanuatu;1986;-0.2
Vanuatu;1987;-0.4
Vanuatu;1988;0.4
Vanuatu;1989;0.2
Vanuatu;1990;0.2
Vanuatu;1991;-0.3
Vanuatu;1992;-0.4
Vanuatu;1993;-0.7
Vanuatu;1994;-0.5
Vanuatu;1995;0.1
Vanuatu;1996;0.2
Vanuatu;1997;-0.2
Vanuatu;1998;0.5
Vanuatu;1999;0.4
Vanuatu;2000;0.3
Vanuatu;2001;0.4
Vanuatu;2002;0.2
Vanuatu;2003;0.2
Vanuatu;2004;0
Vanuatu;2005;0.3
Vanuatu;2006;0.1
Vanuatu;2007;0.4
Vanuatu;2008;0.5
Vanuatu;2009;0.1
Vanuatu;2010;0.4
Vanuatu;2011;0.5
Vanuatu;2012;0.2
Vanuatu;2013;0.4
Vanuatu;2014;0.2
Vanuatu;2015;-0.1
Vanuatu;2016;0.6
Vanuatu;2017;0.5
Vanuatu;2018;0.4
Vanuatu;2019;0.2
Vanuatu;2020;0.5
Vanuatu;2021;0.6
Vanuatu;2022;1.2
Vanuatu;2023;0.5
Vanuatu;2024;0.7
Vanuatu;2025;0.9
Tonga;1850;-0.2
Tonga;1851;-0.3
Tonga;1852;-0.1
Tonga;1853;0.4
Tonga;1854;0.1
Tonga;1855;-0.2
Tonga;1856;-0.2
Tonga;1857;0
Tonga;1858;-0.1
Tonga;1859;0.2
Tonga;1860;0.1
Tonga;1861;0
Tonga;1862;-0.1
Tonga;1863;0
Tonga;1864;0.1
Tonga;1865;0
Tonga;1866;0
Tonga;1867;0.2
Tonga;1868;0.1
Tonga;1869;0.1
Tonga;1870;0.2
Tonga;1871;0.4
Tonga;1872;0.3
Tonga;1873;0
Tonga;1874;0.3
Tonga;1875;0.2
Tonga;1876;0.2
Tonga;1877;-0.4
Tonga;1878;-0.2
Tonga;1879;0.3
Tonga;1880;0.1
Tonga;1881;0
Tonga;1882;0.1
Tonga;1883;-0.5
Tonga;1884;-0.7
Tonga;1885;-1
Tonga;1886;-0.6
Tonga;1887;-0.4
Tonga;1888;-0.7
Tonga;1889;-0.2
Tonga;1890;-0.2
Tonga;1891;-0.4
Tonga;1892;-0.3
Tonga;1893;-0.1
Tonga;1894;-0.3
Tonga;1895;-0.2
Tonga;1896;-0.6
Tonga;1897;-0.5
Tonga;1898;0
Tonga;1899;-0.1
Tonga;1900;-0.6
Tonga;1901;0
Tonga;1902;-0.9
Tonga;1903;-0.6
Tonga;1904;-0.6
Tonga;1905;-1
Tonga;1906;-0.3
Tonga;1907;-0.6
Tonga;1908;-0.6
Tonga;1909;-0.5
Tonga;1910;-0.3
Tonga;1911;-0.5
Tonga;1912;-0.6
Tonga;1913;-0.7
Tonga;1914;-0.5
Tonga;1915;-0.2
Tonga;1916;0.2
Tonga;1917;0
Tonga;1918;-0.4
Tonga;1919;-0.9
Tonga;1920;-0.5
Tonga;1921;-0.6
Tonga;1922;-0.2
Tonga;1923;-0.5
Tonga;1924;-0.1
Tonga;1925;-0.4
Tonga;1926;-0.6
Tonga;1927;-0.2
Tonga;1928;-0.5
Tonga;1929;-0.4
Tonga;1930;-0.8
Tonga;1931;-0.7
Tonga;1932;-0.3
Tonga;1933;-0.4
Tonga;1934;-0.5
Tonga;1935;-0.3
Tonga;1936;-0.2
Tonga;1937;-0.2
Tonga;1938;-0.2
Tonga;1939;-0.5
Tonga;1940;-0.6
Tonga;1941;-0.4
Tonga;1942;-0.1
Tonga;1943;0.3
Tonga;1944;0.3
Tonga;1945;0.1
Tonga;1946;0
Tonga;1947;0
Tonga;1948;-0.2
Tonga;1949;-0.1
Tonga;1950;0.1
Tonga;1951;-0.1
Tonga;1952;0.3
Tonga;1953;0.1
Tonga;1954;-0.1
Tonga;1955;0
Tonga;1956;0.1
Tonga;1957;-0.2
Tonga;1958;-0.3
Tonga;1959;-0.1
Tonga;1960;0
Tonga;1961;0.1
Tonga;1962;-0.1
Tonga;1963;-0.2
Tonga;1964;0
Tonga;1965;-0.4
Tonga;1966;-0.3
Tonga;1967;-0.2
Tonga;1968;0.1
Tonga;1969;-0.2
Tonga;1970;0.2
Tonga;1971;0.2
Tonga;1972;-0.1
Tonga;1973;0.4
Tonga;1974;0.3
Tonga;1975;0.2
Tonga;1976;0
Tonga;1977;-0.4
Tonga;1978;-0.3
Tonga;1979;-0.2
Tonga;1980;0
Tonga;1981;-0.1
Tonga;1982;-0.2
Tonga;1983;-0.3
Tonga;1984;0.1
Tonga;1985;-0.1
Tonga;1986;-0.4
Tonga;1987;-0.5
Tonga;1988;0.4
Tonga;1989;0.1
Tonga;1990;0
Tonga;1991;0
Tonga;1992;0
Tonga;1993;-0.3
Tonga;1994;-0.3
Tonga;1995;0.2
Tonga;1996;0.3
Tonga;1997;-0.2
Tonga;1998;-0.1
Tonga;1999;0.4
Tonga;2000;0.5
Tonga;2001;0.2
Tonga;2002;0.3
Tonga;2003;0.3
Tonga;2004;0.4
Tonga;2005;0.4
Tonga;2006;0.4
Tonga;2007;0.4
Tonga;2008;0.5
Tonga;2009;0.3
Tonga;2010;0.6
Tonga;2011;0.7
Tonga;2012;0.4
Tonga;2013;0.6
Tonga;2014;0.5
Tonga;2015;-0.1
Tonga;2016;0.4
Tonga;2017;0.6
Tonga;2018;0.5
Tonga;2019;0.5
Tonga;2020;0.7
Tonga;2021;0.8
Tonga;2022;1.1
Tonga;2023;0.5
Tonga;2024;0.6
Tonga;2025;0.6
Micronesia, Federated State of;1850;0
Micronesia, Federated State of;1851;0.1
Micronesia, Federated State of;1852;0
Micronesia, Federated State of;1853;-0.1
Micronesia, Federated State of;1854;-0.2
Micronesia, Federated State of;1855;-0.4
Micronesia, Federated State of;1856;-0.2
Micronesia, Federated State of;1857;0
Micronesia, Federated State of;1858;-0.5
Micronesia, Federated State of;1859;0.1
Micronesia, Federated State of;1860;-0.3
Micronesia, Federated State of;1861;-0.8
Micronesia, Federated State of;1862;-0.5
Micronesia, Federated State of;1863;-0.2
Micronesia, Federated State of;1864;-0.1
Micronesia, Federated State of;1865;0
Micronesia, Federated State of;1866;0
Micronesia, Federated State of;1867;-0.2
Micronesia, Federated State of;1868;-0.2
Micronesia, Federated State of;1869;0.2
Micronesia, Federated State of;1870;0
Micronesia, Federated State of;1871;-0.2
Micronesia, Federated State of;1872;-0.1
Micronesia, Federated State of;1873;0
Micronesia, Federated State of;1874;-0.1
Micronesia, Federated State of;1875;-0.3
Micronesia, Federated State of;1876;-0.1
Micronesia, Federated State of;1877;-0.2
Micronesia, Federated State of;1878;0
Micronesia, Federated State of;1879;-0.2
Micronesia, Federated State of;1880;-0.4
Micronesia, Federated State of;1881;-0.1
Micronesia, Federated State of;1882;0
Micronesia, Federated State of;1883;-0.4
Micronesia, Federated State of;1884;-0.7
Micronesia, Federated State of;1885;-0.5
Micronesia, Federated State of;1886;-0.3
Micronesia, Federated State of;1887;0.1
Micronesia, Federated State of;1888;-0.1
Micronesia, Federated State of;1889;0
Micronesia, Federated State of;1890;0.1
Micronesia, Federated State of;1891;0.4
Micronesia, Federated State of;1892;0.2
Micronesia, Federated State of;1893;0.1
Micronesia, Federated State of;1894;0
Micronesia, Federated State of;1895;0.1
Micronesia, Federated State of;1896;-0.1
Micronesia, Federated State of;1897;0.3
Micronesia, Federated State of;1898;-0.1
Micronesia, Federated State of;1899;-0.3
Micronesia, Federated State of;1900;0
Micronesia, Federated State of;1901;-0.1
Micronesia, Federated State of;1902;-0.4
Micronesia, Federated State of;1903;-0.5
Micronesia, Federated State of;1904;-0.6
Micronesia, Federated State of;1905;-0.7
Micronesia, Federated State of;1906;-0.5
Micronesia, Federated State of;1907;-0.4
Micronesia, Federated State of;1908;-0.4
Micronesia, Federated State of;1909;-0.4
Micronesia, Federated State of;1910;-0.4
Micronesia, Federated State of;1911;-0.7
Micronesia, Federated State of;1912;-0.7
Micronesia, Federated State of;1913;-0.7
Micronesia, Federated State of;1914;-0.6
Micronesia, Federated State of;1915;-0.4
Micronesia, Federated State of;1916;-0.3
Micronesia, Federated State of;1917;-0.6
Micronesia, Federated State of;1918;-0.8
Micronesia, Federated State of;1919;-0.9
Micronesia, Federated State of;1920;-0.7
Micronesia, Federated State of;1921;-0.1
Micronesia, Federated State of;1922;-0.2
Micronesia, Federated State of;1923;-0.4
Micronesia, Federated State of;1924;-0.3
Micronesia, Federated State of;1925;-0.2
Micronesia, Federated State of;1926;-0.3
Micronesia, Federated State of;1927;-0.2
Micronesia, Federated State of;1928;-0.3
Micronesia, Federated State of;1929;-0.4
Micronesia, Federated State of;1930;-0.5
Micronesia, Federated State of;1931;-0.3
Micronesia, Federated State of;1932;-0.4
Micronesia, Federated State of;1933;-0.4
Micronesia, Federated State of;1934;-0.3
Micronesia, Federated State of;1935;-0.4
Micronesia, Federated State of;1936;-0.4
Micronesia, Federated State of;1937;-0.3
Micronesia, Federated State of;1938;-0.3
Micronesia, Federated State of;1939;-0.3
Micronesia, Federated State of;1940;-0.4
Micronesia, Federated State of;1941;-0.3
Micronesia, Federated State of;1942;-0.3
Micronesia, Federated State of;1943;0.3
Micronesia, Federated State of;1944;0.2
Micronesia, Federated State of;1945;0.3
Micronesia, Federated State of;1946;0.2
Micronesia, Federated State of;1947;-0.1
Micronesia, Federated State of;1948;-0.2
Micronesia, Federated State of;1949;-0.4
Micronesia, Federated State of;1950;-0.1
Micronesia, Federated State of;1951;-0.2
Micronesia, Federated State of;1952;-0.3
Micronesia, Federated State of;1953;-0.2
Micronesia, Federated State of;1954;-0.2
Micronesia, Federated State of;1955;-0.4
Micronesia, Federated State of;1956;-0.2
Micronesia, Federated State of;1957;-0.2
Micronesia, Federated State of;1958;-0.4
Micronesia, Federated State of;1959;-0.3
Micronesia, Federated State of;1960;-0.1
Micronesia, Federated State of;1961;-0.2
Micronesia, Federated State of;1962;-0.1
Micronesia, Federated State of;1963;0
Micronesia, Federated State of;1964;0
Micronesia, Federated State of;1965;-0.4
Micronesia, Federated State of;1966;-0.3
Micronesia, Federated State of;1967;-0.2
Micronesia, Federated State of;1968;-0.1
Micronesia, Federated State of;1969;-0.1
Micronesia, Federated State of;1970;0
Micronesia, Federated State of;1971;-0.1
Micronesia, Federated State of;1972;-0.5
Micronesia, Federated State of;1973;-0.2
Micronesia, Federated State of;1974;-0.2
Micronesia, Federated State of;1975;-0.3
Micronesia, Federated State of;1976;-0.3
Micronesia, Federated State of;1977;-0.2
Micronesia, Federated State of;1978;-0.1
Micronesia, Federated State of;1979;-0.2
Micronesia, Federated State of;1980;-0.2
Micronesia, Federated State of;1981;0.1
Micronesia, Federated State of;1982;-0.1
Micronesia, Federated State of;1983;-0.2
Micronesia, Federated State of;1984;0.1
Micronesia, Federated State of;1985;0
Micronesia, Federated State of;1986;0
Micronesia, Federated State of;1987;-0.1
Micronesia, Federated State of;1988;0.2
Micronesia, Federated State of;1989;0.1
Micronesia, Federated State of;1990;0
Micronesia, Federated State of;1991;-0.2
Micronesia, Federated State of;1992;-0.3
Micronesia, Federated State of;1993;-0.4
Micronesia, Federated State of;1994;0
Micronesia, Federated State of;1995;0.3
Micronesia, Federated State of;1996;0.4
Micronesia, Federated State of;1997;0
Micronesia, Federated State of;1998;0.2
Micronesia, Federated State of;1999;0.2
Micronesia, Federated State of;2000;0.3
Micronesia, Federated State of;2001;0.4
Micronesia, Federated State of;2002;0.2
Micronesia, Federated State of;2003;0.3
Micronesia, Federated State of;2004;0.2
Micronesia, Federated State of;2005;0.3
Micronesia, Federated State of;2006;0.3
Micronesia, Federated State of;2007;0.4
Micronesia, Federated State of;2008;0.3
Micronesia, Federated State of;2009;0.4
Micronesia, Federated State of;2010;0.5
Micronesia, Federated State of;2011;0.5
Micronesia, Federated State of;2012;0.4
Micronesia, Federated State of;2013;0.5
Micronesia, Federated State of;2014;0.6
Micronesia, Federated State of;2015;0.3
Micronesia, Federated State of;2016;0.6
Micronesia, Federated State of;2017;0.8
Micronesia, Federated State of;2018;0.6
Micronesia, Federated State of;2019;0.5
Micronesia, Federated State of;2020;0.8
Micronesia, Federated State of;2021;0.8
Micronesia, Federated State of;2022;0.7
Micronesia, Federated State of;2023;0.7
Micronesia, Federated State of;2024;0.8
Micronesia, Federated State of;2025;0.9
American Samoa;1850;0.1
American Samoa;1851;-0.3
American Samoa;1852;0
American Samoa;1853;0.3
American Samoa;1854;0.1
American Samoa;1855;-0.2
American Samoa;1856;-0.2
American Samoa;1857;-0.5
American Samoa;1858;-0.2
American Samoa;1859;0.1
American Samoa;1860;-0.3
American Samoa;1861;-0.6
American Samoa;1862;-0.4
American Samoa;1863;-0.4
American Samoa;1864;-0.3
American Samoa;1865;-0.3
American Samoa;1866;-0.3
American Samoa;1867;-0.2
American Samoa;1868;-0.2
American Samoa;1869;-0.1
American Samoa;1870;-0.4
American Samoa;1871;-0.1
American Samoa;1872;-0.1
American Samoa;1873;-0.5
American Samoa;1874;-0.1
American Samoa;1875;-0.2
American Samoa;1876;-0.2
American Samoa;1877;-0.2
American Samoa;1878;-0.2
American Samoa;1879;-0.4
American Samoa;1880;-0.3
American Samoa;1881;0.1
American Samoa;1882;0
American Samoa;1883;-0.4
American Samoa;1884;-0.4
American Samoa;1885;-0.5
American Samoa;1886;-0.4
American Samoa;1887;-0.4
American Samoa;1888;-0.1
American Samoa;1889;-0.2
American Samoa;1890;-0.5
American Samoa;1891;-0.4
American Samoa;1892;-0.3
American Samoa;1893;-0.7
American Samoa;1894;-0.3
American Samoa;1895;-0.2
American Samoa;1896;-0.3
American Samoa;1897;-0.2
American Samoa;1898;-0.3
American Samoa;1899;-0.2
American Samoa;1900;0.2
American Samoa;1901;0.1
American Samoa;1902;-0.4
American Samoa;1903;-0.2
American Samoa;1904;-0.6
American Samoa;1905;-0.4
American Samoa;1906;-0.3
American Samoa;1907;-0.4
American Samoa;1908;-0.5
American Samoa;1909;-0.8
American Samoa;1910;-0.9
American Samoa;1911;-0.6
American Samoa;1912;-0.3
American Samoa;1913;-0.5
American Samoa;1914;-0.3
American Samoa;1915;-0.2
American Samoa;1916;-0.5
American Samoa;1917;-1.1
American Samoa;1918;-0.6
American Samoa;1919;-0.8
American Samoa;1920;-0.5
American Samoa;1921;-0.5
American Samoa;1922;-0.2
American Samoa;1923;-0.4
American Samoa;1924;-0.2
American Samoa;1925;-0.3
American Samoa;1926;-0.2
American Samoa;1927;-0.4
American Samoa;1928;-0.3
American Samoa;1929;-0.3
American Samoa;1930;-0.3
American Samoa;1931;-0.2
American Samoa;1932;-0.2
American Samoa;1933;-0.6
American Samoa;1934;-0.4
American Samoa;1935;-0.4
American Samoa;1936;-0.3
American Samoa;1937;-0.3
American Samoa;1938;-0.4
American Samoa;1939;-0.6
American Samoa;1940;0
American Samoa;1941;0.1
American Samoa;1942;0
American Samoa;1943;-0.1
American Samoa;1944;0.1
American Samoa;1945;0.1
American Samoa;1946;0.2
American Samoa;1947;0.1
American Samoa;1948;-0.2
American Samoa;1949;-0.2
American Samoa;1950;-0.4
American Samoa;1951;-0.1
American Samoa;1952;0
American Samoa;1953;0.1
American Samoa;1954;-0.1
American Samoa;1955;-0.4
American Samoa;1956;-0.4
American Samoa;1957;-0.2
American Samoa;1958;0
American Samoa;1959;0.1
American Samoa;1960;-0.1
American Samoa;1961;0
American Samoa;1962;-0.1
American Samoa;1963;0
American Samoa;1964;-0.2
American Samoa;1965;-0.3
American Samoa;1966;0.1
American Samoa;1967;-0.3
American Samoa;1968;-0.1
American Samoa;1969;0.3
American Samoa;1970;0
American Samoa;1971;-0.3
American Samoa;1972;-0.2
American Samoa;1973;0
American Samoa;1974;-0.4
American Samoa;1975;-0.4
American Samoa;1976;-0.4
American Samoa;1977;0
American Samoa;1978;0
American Samoa;1979;0
American Samoa;1980;0.2
American Samoa;1981;-0.1
American Samoa;1982;0
American Samoa;1983;-0.2
American Samoa;1984;0
American Samoa;1985;-0.2
American Samoa;1986;0
American Samoa;1987;0
American Samoa;1988;0.1
American Samoa;1989;-0.2
American Samoa;1990;0.1
American Samoa;1991;0.4
American Samoa;1992;0.2
American Samoa;1993;0.1
American Samoa;1994;0.3
American Samoa;1995;0.3
American Samoa;1996;0.1
American Samoa;1997;-0.1
American Samoa;1998;-0.2
American Samoa;1999;0
American Samoa;2000;0.2
American Samoa;2001;0.2
American Samoa;2002;0.4
American Samoa;2003;0.5
American Samoa;2004;0.5
American Samoa;2005;0.6
American Samoa;2006;0.5
American Samoa;2007;0.5
American Samoa;2008;0
American Samoa;2009;0.4
American Samoa;2010;0.4
American Samoa;2011;0
American Samoa;2012;0.4
American Samoa;2013;0.5
American Samoa;2014;0.6
American Samoa;2015;0.5
American Samoa;2016;0.6
American Samoa;2017;0.6
American Samoa;2018;0.6
American Samoa;2019;0.7
American Samoa;2020;0.6
American Samoa;2021;0.3
American Samoa;2022;0.2
American Samoa;2023;0.6
American Samoa;2024;0.8
American Samoa;2025;0.5
Niue;1850;-0.1
Niue;1851;-0.4
Niue;1852;0
Niue;1853;0.7
Niue;1854;0.4
Niue;1855;-0.2
Niue;1856;0
Niue;1857;-0.3
Niue;1858;-0.2
Niue;1859;0.2
Niue;1860;0
Niue;1861;-0.4
Niue;1862;-0.2
Niue;1863;-0.3
Niue;1864;0
Niue;1865;0
Niue;1866;-0.1
Niue;1867;0
Niue;1868;0.2
Niue;1869;0.1
Niue;1870;0.1
Niue;1871;0.4
Niue;1872;0.3
Niue;1873;-0.1
Niue;1874;0.3
Niue;1875;0.2
Niue;1876;0.2
Niue;1877;-0.3
Niue;1878;-0.2
Niue;1879;0.1
Niue;1880;0.1
Niue;1881;0.1
Niue;1882;0.2
Niue;1883;-0.4
Niue;1884;-0.5
Niue;1885;-0.8
Niue;1886;-0.5
Niue;1887;-0.3
Niue;1888;-0.5
Niue;1889;-0.2
Niue;1890;-0.2
Niue;1891;-0.4
Niue;1892;-0.2
Niue;1893;-0.5
Niue;1894;-0.2
Niue;1895;-0.1
Niue;1896;-0.6
Niue;1897;-0.4
Niue;1898;0
Niue;1899;0.1
Niue;1900;-0.1
Niue;1901;0.4
Niue;1902;-0.7
Niue;1903;-0.2
Niue;1904;-0.4
Niue;1905;-0.7
Niue;1906;0
Niue;1907;-0.5
Niue;1908;-0.5
Niue;1909;-0.6
Niue;1910;-0.5
Niue;1911;-0.5
Niue;1912;-0.4
Niue;1913;-0.5
Niue;1914;-0.2
Niue;1915;-0.1
Niue;1916;0.2
Niue;1917;-0.3
Niue;1918;-0.4
Niue;1919;-0.9
Niue;1920;-0.5
Niue;1921;-0.4
Niue;1922;0
Niue;1923;-0.4
Niue;1924;0
Niue;1925;-0.3
Niue;1926;-0.5
Niue;1927;-0.2
Niue;1928;-0.3
Niue;1929;-0.3
Niue;1930;-0.6
Niue;1931;-0.5
Niue;1932;-0.1
Niue;1933;-0.5
Niue;1934;-0.4
Niue;1935;-0.4
Niue;1936;-0.2
Niue;1937;-0.3
Niue;1938;-0.2
Niue;1939;-0.4
Niue;1940;-0.3
Niue;1941;-0.1
Niue;1942;0.3
Niue;1943;0.5
Niue;1944;0.4
Niue;1945;0.2
Niue;1946;0.3
Niue;1947;0.2
Niue;1948;-0.2
Niue;1949;-0.1
Niue;1950;0.2
Niue;1951;0
Niue;1952;0.3
Niue;1953;0.1
Niue;1954;0.1
Niue;1955;-0.1
Niue;1956;0
Niue;1957;-0.2
Niue;1958;-0.2
Niue;1959;0.1
Niue;1960;0
Niue;1961;0.2
Niue;1962;-0.1
Niue;1963;0
Niue;1964;0
Niue;1965;-0.3
Niue;1966;-0.1
Niue;1967;-0.2
Niue;1968;0.2
Niue;1969;0.1
Niue;1970;0.2
Niue;1971;0.1
Niue;1972;-0.1
Niue;1973;0.4
Niue;1974;0.1
Niue;1975;0
Niue;1976;-0.2
Niue;1977;-0.3
Niue;1978;-0.1
Niue;1979;-0.1
Niue;1980;0.1
Niue;1981;-0.1
Niue;1982;-0.1
Niue;1983;-0.3
Niue;1984;0
Niue;1985;-0.2
Niue;1986;-0.3
Niue;1987;-0.4
Niue;1988;0.3
Niue;1989;0
Niue;1990;0
Niue;1991;0.3
Niue;1992;0.2
Niue;1993;0
Niue;1994;0.1
Niue;1995;0.3
Niue;1996;0.3
Niue;1997;-0.2
Niue;1998;-0.3
Niue;1999;0.4
Niue;2000;0.5
Niue;2001;0.2
Niue;2002;0.4
Niue;2003;0.4
Niue;2004;0.6
Niue;2005;0.6
Niue;2006;0.5
Niue;2007;0.5
Niue;2008;0.3
Niue;2009;0.4
Niue;2010;0.7
Niue;2011;0.5
Niue;2012;0.4
Niue;2013;0.6
Niue;2014;0.6
Niue;2015;0.1
Niue;2016;0.4
Niue;2017;0.8
Niue;2018;0.6
Niue;2019;0.7
Niue;2020;0.7
Niue;2021;0.7
Niue;2022;0.7
Niue;2023;0.5
Niue;2024;0.6
Niue;2025;0.5
Nauru;1850;0.3
Nauru;1851;-0.2
Nauru;1852;0.2
Nauru;1853;0.2
Nauru;1854;0.3
Nauru;1855;0.2
Nauru;1856;-0.1
Nauru;1857;-0.2
Nauru;1858;0
Nauru;1859;0.4
Nauru;1860;-0.1
Nauru;1861;-0.4
Nauru;1862;-0.1
Nauru;1863;-0.1
Nauru;1864;0
Nauru;1865;0
Nauru;1866;0
Nauru;1867;-0.2
Nauru;1868;-0.1
Nauru;1869;-0.1
Nauru;1870;-0.7
Nauru;1871;-0.2
Nauru;1872;-0.2
Nauru;1873;-0.5
Nauru;1874;-0.1
Nauru;1875;-0.2
Nauru;1876;-0.3
Nauru;1877;-0.4
Nauru;1878;-0.4
Nauru;1879;-0.7
Nauru;1880;-0.4
Nauru;1881;0.2
Nauru;1882;0.5
Nauru;1883;-0.1
Nauru;1884;0
Nauru;1885;-0.3
Nauru;1886;-0.4
Nauru;1887;-0.5
Nauru;1888;0
Nauru;1889;-0.5
Nauru;1890;-0.3
Nauru;1891;0
Nauru;1892;0.1
Nauru;1893;-0.2
Nauru;1894;-0.1
Nauru;1895;-0.1
Nauru;1896;-0.2
Nauru;1897;-0.1
Nauru;1898;-0.4
Nauru;1899;-0.1
Nauru;1900;0.3
Nauru;1901;0.1
Nauru;1902;-0.4
Nauru;1903;-0.2
Nauru;1904;-0.5
Nauru;1905;-0.3
Nauru;1906;-0.6
Nauru;1907;-0.3
Nauru;1908;-0.8
Nauru;1909;-0.8
Nauru;1910;-1.3
Nauru;1911;-0.7
Nauru;1912;-0.4
Nauru;1913;-0.5
Nauru;1914;-0.2
Nauru;1915;-0.5
Nauru;1916;-1.3
Nauru;1917;-2
Nauru;1918;-0.6
Nauru;1919;-1.1
Nauru;1920;-0.4
Nauru;1921;-0.5
Nauru;1922;-0.4
Nauru;1923;-0.2
Nauru;1924;-0.4
Nauru;1925;-0.7
Nauru;1926;-0.4
Nauru;1927;-0.8
Nauru;1928;-0.3
Nauru;1929;-0.2
Nauru;1930;-0.2
Nauru;1931;-0.2
Nauru;1932;-0.3
Nauru;1933;-0.9
Nauru;1934;-0.9
Nauru;1935;-0.4
Nauru;1936;-0.4
Nauru;1937;-0.5
Nauru;1938;-0.7
Nauru;1939;-0.4
Nauru;1940;0
Nauru;1941;0.2
Nauru;1942;0
Nauru;1943;-0.3
Nauru;1944;0.1
Nauru;1945;-0.2
Nauru;1946;0.1
Nauru;1947;-0.1
Nauru;1948;-0.8
Nauru;1949;-0.9
Nauru;1950;-0.9
Nauru;1951;-0.3
Nauru;1952;-0.4
Nauru;1953;-0.4
Nauru;1954;-0.6
Nauru;1955;-0.9
Nauru;1956;-0.6
Nauru;1957;-0.6
Nauru;1958;0
Nauru;1959;-0.2
Nauru;1960;-0.4
Nauru;1961;-0.5
Nauru;1962;-0.4
Nauru;1963;-0.3
Nauru;1964;-0.9
Nauru;1965;-0.6
Nauru;1966;0
Nauru;1967;-0.3
Nauru;1968;-0.2
Nauru;1969;0.5
Nauru;1970;-0.3
Nauru;1971;-0.8
Nauru;1972;-0.2
Nauru;1973;-0.4
Nauru;1974;-0.7
Nauru;1975;-1
Nauru;1976;-0.4
Nauru;1977;0.1
Nauru;1978;0.1
Nauru;1979;0.2
Nauru;1980;0.4
Nauru;1981;0
Nauru;1982;0.3
Nauru;1983;-0.2
Nauru;1984;-0.3
Nauru;1985;-0.3
Nauru;1986;0.2
Nauru;1987;0.1
Nauru;1988;-0.1
Nauru;1989;-0.3
Nauru;1990;0.4
Nauru;1991;0.5
Nauru;1992;0.1
Nauru;1993;0.1
Nauru;1994;0.3
Nauru;1995;0.4
Nauru;1996;0.1
Nauru;1997;0.2
Nauru;1998;-0.4
Nauru;1999;-0.6
Nauru;2000;-0.4
Nauru;2001;0.2
Nauru;2002;0.6
Nauru;2003;0.8
Nauru;2004;0.7
Nauru;2005;0.7
Nauru;2006;0.5
Nauru;2007;0.4
Nauru;2008;-0.5
Nauru;2009;0.5
Nauru;2010;0
Nauru;2011;-0.4
Nauru;2012;0.1
Nauru;2013;0.3
Nauru;2014;0.8
Nauru;2015;0.7
Nauru;2016;0.7
Nauru;2017;0.5
Nauru;2018;0.8
Nauru;2019;0.9
Nauru;2020;0.6
Nauru;2021;0
Nauru;2022;-0.2
Nauru;2023;0.7
Nauru;2024;1.1
Nauru;2025;0.3
Kiribati;1850;0.1
Kiribati;1851;-0.5
Kiribati;1852;-0.1
Kiribati;1853;0
Kiribati;1854;0
Kiribati;1855;0.2
Kiribati;1856;-0.4
Kiribati;1857;-0.6
Kiribati;1858;-0.1
Kiribati;1859;0.2
Kiribati;1860;-0.4
Kiribati;1861;-0.5
Kiribati;1862;-0.4
Kiribati;1863;-0.4
Kiribati;1864;-0.3
Kiribati;1865;-0.3
Kiribati;1866;-0.3
Kiribati;1867;-0.4
Kiribati;1868;-0.4
Kiribati;1869;-0.5
Kiribati;1870;-1
Kiribati;1871;-0.3
Kiribati;1872;-0.5
Kiribati;1873;-0.6
Kiribati;1874;-0.5
Kiribati;1875;-0.4
Kiribati;1876;-0.4
Kiribati;1877;0.2
Kiribati;1878;-0.2
Kiribati;1879;-0.9
Kiribati;1880;-0.4
Kiribati;1881;0.1
Kiribati;1882;0.3
Kiribati;1883;0
Kiribati;1884;0.1
Kiribati;1885;0
Kiribati;1886;-0.7
Kiribati;1887;-1
Kiribati;1888;0.2
Kiribati;1889;-0.5
Kiribati;1890;-0.8
Kiribati;1891;-0.2
Kiribati;1892;-0.5
Kiribati;1893;-0.6
Kiribati;1894;-0.5
Kiribati;1895;-0.2
Kiribati;1896;0
Kiribati;1897;-0.2
Kiribati;1898;-0.7
Kiribati;1899;-0.2
Kiribati;1900;0.4
Kiribati;1901;-0.1
Kiribati;1902;0.1
Kiribati;1903;-0.1
Kiribati;1904;-0.6
Kiribati;1905;0.2
Kiribati;1906;-0.5
Kiribati;1907;-0.3
Kiribati;1908;-0.9
Kiribati;1909;-1
Kiribati;1910;-1.4
Kiribati;1911;-0.6
Kiribati;1912;-0.1
Kiribati;1913;-0.4
Kiribati;1914;0.2
Kiribati;1915;-0.2
Kiribati;1916;-1.5
Kiribati;1917;-2.3
Kiribati;1918;-0.3
Kiribati;1919;-0.7
Kiribati;1920;-0.3
Kiribati;1921;-0.7
Kiribati;1922;-0.6
Kiribati;1923;-0.3
Kiribati;1924;-0.6
Kiribati;1925;-0.6
Kiribati;1926;-0.2
Kiribati;1927;-0.8
Kiribati;1928;-0.4
Kiribati;1929;-0.3
Kiribati;1930;0.1
Kiribati;1931;-0.2
Kiribati;1932;-0.5
Kiribati;1933;-1.1
Kiribati;1934;-0.9
Kiribati;1935;-0.5
Kiribati;1936;-0.4
Kiribati;1937;-0.5
Kiribati;1938;-1.1
Kiribati;1939;-0.6
Kiribati;1940;0.4
Kiribati;1941;0.7
Kiribati;1942;-0.1
Kiribati;1943;-0.7
Kiribati;1944;-0.1
Kiribati;1945;-0.5
Kiribati;1946;0
Kiribati;1947;0
Kiribati;1948;-0.6
Kiribati;1949;-0.8
Kiribati;1950;-1.1
Kiribati;1951;-0.1
Kiribati;1952;-0.2
Kiribati;1953;0
Kiribati;1954;-0.6
Kiribati;1955;-1
Kiribati;1956;-0.8
Kiribati;1957;-0.1
Kiribati;1958;0.4
Kiribati;1959;-0.1
Kiribati;1960;-0.4
Kiribati;1961;-0.4
Kiribati;1962;-0.5
Kiribati;1963;-0.2
Kiribati;1964;-0.8
Kiribati;1965;-0.1
Kiribati;1966;0.3
Kiribati;1967;-0.2
Kiribati;1968;-0.1
Kiribati;1969;0.6
Kiribati;1970;-0.3
Kiribati;1971;-1
Kiribati;1972;0.2
Kiribati;1973;-0.5
Kiribati;1974;-0.9
Kiribati;1975;-1.2
Kiribati;1976;-0.5
Kiribati;1977;0.2
Kiribati;1978;0
Kiribati;1979;0.2
Kiribati;1980;0.4
Kiribati;1981;-0.1
Kiribati;1982;0.5
Kiribati;1983;0
Kiribati;1984;-0.5
Kiribati;1985;-0.4
Kiribati;1986;0.2
Kiribati;1987;0.6
Kiribati;1988;-0.4
Kiribati;1989;-0.6
Kiribati;1990;0.5
Kiribati;1991;0.7
Kiribati;1992;0.5
Kiribati;1993;0.4
Kiribati;1994;0.6
Kiribati;1995;0.4
Kiribati;1996;-0.1
Kiribati;1997;0.6
Kiribati;1998;-0.3
Kiribati;1999;-0.9
Kiribati;2000;-0.7
Kiribati;2001;0
Kiribati;2002;0.7
Kiribati;2003;0.6
Kiribati;2004;0.7
Kiribati;2005;0.5
Kiribati;2006;0.4
Kiribati;2007;0.1
Kiribati;2008;-0.8
Kiribati;2009;0.4
Kiribati;2010;-0.2
Kiribati;2011;-0.6
Kiribati;2012;0
Kiribati;2013;0.1
Kiribati;2014;0.7
Kiribati;2015;1.2
Kiribati;2016;0.7
Kiribati;2017;0.3
Kiribati;2018;0.6
Kiribati;2019;0.9
Kiribati;2020;0.3
Kiribati;2021;-0.2
Kiribati;2022;-0.6
Kiribati;2023;0.7
Kiribati;2024;0.9
Kiribati;2025;0
Tuvalu;1850;0
Tuvalu;1851;-0.4
Tuvalu;1852;-0.1
Tuvalu;1853;-0.1
Tuvalu;1854;0
Tuvalu;1855;-0.2
Tuvalu;1856;-0.3
Tuvalu;1857;-0.5
Tuvalu;1858;-0.2
Tuvalu;1859;0.2
Tuvalu;1860;-0.2
Tuvalu;1861;-0.2
Tuvalu;1862;-0.1
Tuvalu;1863;0
Tuvalu;1864;0
Tuvalu;1865;0
Tuvalu;1866;0
Tuvalu;1867;0
Tuvalu;1868;0.1
Tuvalu;1869;0.2
Tuvalu;1870;-0.2
Tuvalu;1871;0
Tuvalu;1872;0
Tuvalu;1873;-0.3
Tuvalu;1874;-0.1
Tuvalu;1875;-0.3
Tuvalu;1876;-0.3
Tuvalu;1877;-0.2
Tuvalu;1878;-0.2
Tuvalu;1879;-0.5
Tuvalu;1880;-0.5
Tuvalu;1881;0.1
Tuvalu;1882;0.2
Tuvalu;1883;-0.3
Tuvalu;1884;-0.4
Tuvalu;1885;-0.4
Tuvalu;1886;-0.5
Tuvalu;1887;-0.5
Tuvalu;1888;-0.1
Tuvalu;1889;-0.4
Tuvalu;1890;-0.7
Tuvalu;1891;-0.4
Tuvalu;1892;-0.2
Tuvalu;1893;-0.6
Tuvalu;1894;-0.3
Tuvalu;1895;-0.3
Tuvalu;1896;-0.3
Tuvalu;1897;-0.1
Tuvalu;1898;-0.4
Tuvalu;1899;-0.3
Tuvalu;1900;0.1
Tuvalu;1901;0
Tuvalu;1902;-0.4
Tuvalu;1903;-0.3
Tuvalu;1904;-0.7
Tuvalu;1905;-0.3
Tuvalu;1906;-0.5
Tuvalu;1907;-0.4
Tuvalu;1908;-0.6
Tuvalu;1909;-0.8
Tuvalu;1910;-1.1
Tuvalu;1911;-0.7
Tuvalu;1912;-0.4
Tuvalu;1913;-0.6
Tuvalu;1914;-0.4
Tuvalu;1915;-0.3
Tuvalu;1916;-1
Tuvalu;1917;-1.5
Tuvalu;1918;-0.6
Tuvalu;1919;-0.9
Tuvalu;1920;-0.5
Tuvalu;1921;-0.5
Tuvalu;1922;-0.4
Tuvalu;1923;-0.4
Tuvalu;1924;-0.4
Tuvalu;1925;-0.5
Tuvalu;1926;-0.3
Tuvalu;1927;-0.6
Tuvalu;1928;-0.3
Tuvalu;1929;-0.3
Tuvalu;1930;-0.2
Tuvalu;1931;-0.2
Tuvalu;1932;-0.3
Tuvalu;1933;-0.7
Tuvalu;1934;-0.6
Tuvalu;1935;-0.4
Tuvalu;1936;-0.4
Tuvalu;1937;-0.4
Tuvalu;1938;-0.6
Tuvalu;1939;-0.5
Tuvalu;1940;0.1
Tuvalu;1941;0.3
Tuvalu;1942;0
Tuvalu;1943;-0.1
Tuvalu;1944;0.1
Tuvalu;1945;0
Tuvalu;1946;0.2
Tuvalu;1947;0
Tuvalu;1948;-0.3
Tuvalu;1949;-0.4
Tuvalu;1950;-0.7
Tuvalu;1951;-0.2
Tuvalu;1952;-0.2
Tuvalu;1953;-0.2
Tuvalu;1954;-0.5
Tuvalu;1955;-0.7
Tuvalu;1956;-0.6
Tuvalu;1957;-0.4
Tuvalu;1958;-0.1
Tuvalu;1959;-0.2
Tuvalu;1960;-0.3
Tuvalu;1961;-0.4
Tuvalu;1962;-0.4
Tuvalu;1963;-0.3
Tuvalu;1964;-0.6
Tuvalu;1965;-0.5
Tuvalu;1966;-0.1
Tuvalu;1967;-0.4
Tuvalu;1968;-0.3
Tuvalu;1969;0.3
Tuvalu;1970;-0.2
Tuvalu;1971;-0.6
Tuvalu;1972;-0.1
Tuvalu;1973;-0.2
Tuvalu;1974;-0.5
Tuvalu;1975;-0.7
Tuvalu;1976;-0.4
Tuvalu;1977;0.1
Tuvalu;1978;0
Tuvalu;1979;0.1
Tuvalu;1980;0.2
Tuvalu;1981;-0.1
Tuvalu;1982;0.1
Tuvalu;1983;-0.2
Tuvalu;1984;-0.1
Tuvalu;1985;-0.2
Tuvalu;1986;0
Tuvalu;1987;0.1
Tuvalu;1988;0
Tuvalu;1989;-0.2
Tuvalu;1990;0.3
Tuvalu;1991;0.4
Tuvalu;1992;0.2
Tuvalu;1993;0.1
Tuvalu;1994;0.3
Tuvalu;1995;0.4
Tuvalu;1996;0.1
Tuvalu;1997;0.1
Tuvalu;1998;-0.1
Tuvalu;1999;-0.2
Tuvalu;2000;-0.1
Tuvalu;2001;0.2
Tuvalu;2002;0.5
Tuvalu;2003;0.6
Tuvalu;2004;0.6
Tuvalu;2005;0.5
Tuvalu;2006;0.5
Tuvalu;2007;0.4
Tuvalu;2008;-0.1
Tuvalu;2009;0.4
Tuvalu;2010;0.2
Tuvalu;2011;-0.2
Tuvalu;2012;0.3
Tuvalu;2013;0.4
Tuvalu;2014;0.6
Tuvalu;2015;0.6
Tuvalu;2016;0.7
Tuvalu;2017;0.5
Tuvalu;2018;0.6
Tuvalu;2019;0.8
Tuvalu;2020;0.6
Tuvalu;2021;0.2
Tuvalu;2022;0
Tuvalu;2023;0.7
Tuvalu;2024;0.9
Tuvalu;2025;0.5
Papua New Guinea;1850;-0.1
Papua New Guinea;1851;0.3
Papua New Guinea;1852;0.1
Papua New Guinea;1853;0.1
Papua New Guinea;1854;-0.2
Papua New Guinea;1855;-0.5
Papua New Guinea;1856;-0.4
Papua New Guinea;1857;-0.3
Papua New Guinea;1858;-0.5
Papua New Guinea;1859;-0.1
Papua New Guinea;1860;-0.4
Papua New Guinea;1861;-0.9
Papua New Guinea;1862;-0.5
Papua New Guinea;1863;-0.3
Papua New Guinea;1864;0
Papua New Guinea;1865;-0.2
Papua New Guinea;1866;-0.3
Papua New Guinea;1867;-0.4
Papua New Guinea;1868;-0.5
Papua New Guinea;1869;0
Papua New Guinea;1870;-0.2
Papua New Guinea;1871;-0.3
Papua New Guinea;1872;-0.2
Papua New Guinea;1873;-0.3
Papua New Guinea;1874;0
Papua New Guinea;1875;-0.1
Papua New Guinea;1876;-0.1
Papua New Guinea;1877;-0.3
Papua New Guinea;1878;0.3
Papua New Guinea;1879;-0.1
Papua New Guinea;1880;-0.2
Papua New Guinea;1881;-0.1
Papua New Guinea;1882;-0.1
Papua New Guinea;1883;-0.5
Papua New Guinea;1884;-0.7
Papua New Guinea;1885;-0.8
Papua New Guinea;1886;-0.3
Papua New Guinea;1887;-0.3
Papua New Guinea;1888;-0.7
Papua New Guinea;1889;-0.1
Papua New Guinea;1890;-0.2
Papua New Guinea;1891;-0.4
Papua New Guinea;1892;-0.2
Papua New Guinea;1893;-0.1
Papua New Guinea;1894;-0.3
Papua New Guinea;1895;-0.4
Papua New Guinea;1896;-0.4
Papua New Guinea;1897;-0.1
Papua New Guinea;1898;-0.5
Papua New Guinea;1899;-0.7
Papua New Guinea;1900;-0.1
Papua New Guinea;1901;-0.5
Papua New Guinea;1902;-1
Papua New Guinea;1903;-0.7
Papua New Guinea;1904;-0.9
Papua New Guinea;1905;-0.9
Papua New Guinea;1906;-0.5
Papua New Guinea;1907;-0.4
Papua New Guinea;1908;-0.4
Papua New Guinea;1909;-0.3
Papua New Guinea;1910;-0.3
Papua New Guinea;1911;-0.9
Papua New Guinea;1912;-0.6
Papua New Guinea;1913;-0.7
Papua New Guinea;1914;-0.8
Papua New Guinea;1915;-0.4
Papua New Guinea;1916;-0.3
Papua New Guinea;1917;-0.7
Papua New Guinea;1918;-0.9
Papua New Guinea;1919;-1
Papua New Guinea;1920;-0.7
Papua New Guinea;1921;-0.3
Papua New Guinea;1922;-0.4
Papua New Guinea;1923;-0.7
Papua New Guinea;1924;-0.4
Papua New Guinea;1925;-0.7
Papua New Guinea;1926;-0.4
Papua New Guinea;1927;-0.4
Papua New Guinea;1928;-0.4
Papua New Guinea;1929;-0.6
Papua New Guinea;1930;-0.6
Papua New Guinea;1931;-0.3
Papua New Guinea;1932;-0.6
Papua New Guinea;1933;-0.3
Papua New Guinea;1934;-0.3
Papua New Guinea;1935;-0.4
Papua New Guinea;1936;-0.4
Papua New Guinea;1937;-0.5
Papua New Guinea;1938;-0.3
Papua New Guinea;1939;-0.5
Papua New Guinea;1940;-0.6
Papua New Guinea;1941;-0.5
Papua New Guinea;1942;-0.2
Papua New Guinea;1943;-0.1
Papua New Guinea;1944;-0.2
Papua New Guinea;1945;-0.1
Papua New Guinea;1946;-0.4
Papua New Guinea;1947;-0.5
Papua New Guinea;1948;-0.6
Papua New Guinea;1949;-0.8
Papua New Guinea;1950;-0.3
Papua New Guinea;1951;-0.5
Papua New Guinea;1952;-0.4
Papua New Guinea;1953;-0.5
Papua New Guinea;1954;-0.4
Papua New Guinea;1955;-0.4
Papua New Guinea;1956;-0.1
Papua New Guinea;1957;-0.4
Papua New Guinea;1958;-0.2
Papua New Guinea;1959;-0.4
Papua New Guinea;1960;-0.3
Papua New Guinea;1961;-0.4
Papua New Guinea;1962;0
Papua New Guinea;1963;-0.2
Papua New Guinea;1964;-0.1
Papua New Guinea;1965;-0.8
Papua New Guinea;1966;-0.5
Papua New Guinea;1967;-0.5
Papua New Guinea;1968;-0.2
Papua New Guinea;1969;-0.1
Papua New Guinea;1970;0.1
Papua New Guinea;1971;-0.1
Papua New Guinea;1972;-0.5
Papua New Guinea;1973;0.1
Papua New Guinea;1974;-0.2
Papua New Guinea;1975;-0.1
Papua New Guinea;1976;-0.3
Papua New Guinea;1977;-0.3
Papua New Guinea;1978;0
Papua New Guinea;1979;-0.1
Papua New Guinea;1980;-0.2
Papua New Guinea;1981;0.1
Papua New Guinea;1982;-0.5
Papua New Guinea;1983;0
Papua New Guinea;1984;-0.1
Papua New Guinea;1985;0
Papua New Guinea;1986;0
Papua New Guinea;1987;-0.1
Papua New Guinea;1988;0.3
Papua New Guinea;1989;0.2
Papua New Guinea;1990;0
Papua New Guinea;1991;-0.1
Papua New Guinea;1992;-0.2
Papua New Guinea;1993;-0.4
Papua New Guinea;1994;-0.2
Papua New Guinea;1995;0.2
Papua New Guinea;1996;0.4
Papua New Guinea;1997;-0.2
Papua New Guinea;1998;0.6
Papua New Guinea;1999;0.2
Papua New Guinea;2000;0.2
Papua New Guinea;2001;0.3
Papua New Guinea;2002;0.3
Papua New Guinea;2003;0.3
Papua New Guinea;2004;0.1
Papua New Guinea;2005;0.3
Papua New Guinea;2006;0.1
Papua New Guinea;2007;0.3
Papua New Guinea;2008;0.2
Papua New Guinea;2009;0.4
Papua New Guinea;2010;0.7
Papua New Guinea;2011;0.3
Papua New Guinea;2012;0.2
Papua New Guinea;2013;0.4
Papua New Guinea;2014;0.2
Papua New Guinea;2015;0.2
Papua New Guinea;2016;0.8
Papua New Guinea;2017;0.7
Papua New Guinea;2018;0.5
Papua New Guinea;2019;0.2
Papua New Guinea;2020;0.7
Papua New Guinea;2021;0.7
Papua New Guinea;2022;0.9
Papua New Guinea;2023;0.6
Papua New Guinea;2024;1
Papua New Guinea;2025;1.1
Samoa;1850;0.1
Samoa;1851;-0.3
Samoa;1852;0
Samoa;1853;0.3
Samoa;1854;0.1
Samoa;1855;-0.2
Samoa;1856;-0.2
Samoa;1857;-0.5
Samoa;1858;-0.2
Samoa;1859;0.1
Samoa;1860;-0.3
Samoa;1861;-0.6
Samoa;1862;-0.4
Samoa;1863;-0.4
Samoa;1864;-0.3
Samoa;1865;-0.3
Samoa;1866;-0.3
Samoa;1867;-0.2
Samoa;1868;-0.2
Samoa;1869;-0.1
Samoa;1870;-0.4
Samoa;1871;-0.1
Samoa;1872;-0.1
Samoa;1873;-0.5
Samoa;1874;-0.1
Samoa;1875;-0.2
Samoa;1876;-0.2
Samoa;1877;-0.2
Samoa;1878;-0.2
Samoa;1879;-0.4
Samoa;1880;-0.3
Samoa;1881;0.1
Samoa;1882;0
Samoa;1883;-0.4
Samoa;1884;-0.4
Samoa;1885;-0.5
Samoa;1886;-0.4
Samoa;1887;-0.4
Samoa;1888;-0.1
Samoa;1889;-0.2
Samoa;1890;-0.5
Samoa;1891;-0.4
Samoa;1892;-0.3
Samoa;1893;-0.7
Samoa;1894;-0.3
Samoa;1895;-0.2
Samoa;1896;-0.3
Samoa;1897;-0.2
Samoa;1898;-0.3
Samoa;1899;-0.2
Samoa;1900;0.2
Samoa;1901;0.1
Samoa;1902;-0.4
Samoa;1903;-0.2
Samoa;1904;-0.6
Samoa;1905;-0.4
Samoa;1906;-0.3
Samoa;1907;-0.4
Samoa;1908;-0.5
Samoa;1909;-0.8
Samoa;1910;-0.9
Samoa;1911;-0.6
Samoa;1912;-0.3
Samoa;1913;-0.5
Samoa;1914;-0.3
Samoa;1915;-0.2
Samoa;1916;-0.5
Samoa;1917;-1.1
Samoa;1918;-0.6
Samoa;1919;-0.8
Samoa;1920;-0.5
Samoa;1921;-0.5
Samoa;1922;-0.2
Samoa;1923;-0.4
Samoa;1924;-0.2
Samoa;1925;-0.3
Samoa;1926;-0.2
Samoa;1927;-0.4
Samoa;1928;-0.3
Samoa;1929;-0.3
Samoa;1930;-0.3
Samoa;1931;-0.2
Samoa;1932;-0.2
Samoa;1933;-0.6
Samoa;1934;-0.4
Samoa;1935;-0.4
Samoa;1936;-0.3
Samoa;1937;-0.3
Samoa;1938;-0.4
Samoa;1939;-0.6
Samoa;1940;0
Samoa;1941;0.1
Samoa;1942;0
Samoa;1943;-0.1
Samoa;1944;0.1
Samoa;1945;0.1
Samoa;1946;0.2
Samoa;1947;0.1
Samoa;1948;-0.2
Samoa;1949;-0.2
Samoa;1950;-0.4
Samoa;1951;-0.1
Samoa;1952;0
Samoa;1953;0.1
Samoa;1954;-0.1
Samoa;1955;-0.4
Samoa;1956;-0.4
Samoa;1957;-0.2
Samoa;1958;0
Samoa;1959;0.1
Samoa;1960;-0.1
Samoa;1961;0
Samoa;1962;-0.1
Samoa;1963;0
Samoa;1964;-0.2
Samoa;1965;-0.3
Samoa;1966;0.1
Samoa;1967;-0.3
Samoa;1968;-0.1
Samoa;1969;0.3
Samoa;1970;0
Samoa;1971;-0.3
Samoa;1972;-0.2
Samoa;1973;0
Samoa;1974;-0.4
Samoa;1975;-0.4
Samoa;1976;-0.4
Samoa;1977;0
Samoa;1978;0
Samoa;1979;0
Samoa;1980;0.2
Samoa;1981;-0.1
Samoa;1982;0
Samoa;1983;-0.2
Samoa;1984;0
Samoa;1985;-0.2
Samoa;1986;0
Samoa;1987;0
Samoa;1988;0.1
Samoa;1989;-0.2
Samoa;1990;0.1
Samoa;1991;0.4
Samoa;1992;0.2
Samoa;1993;0.1
Samoa;1994;0.3
Samoa;1995;0.3
Samoa;1996;0.1
Samoa;1997;-0.1
Samoa;1998;-0.2
Samoa;1999;0
Samoa;2000;0.2
Samoa;2001;0.2
Samoa;2002;0.4
Samoa;2003;0.5
Samoa;2004;0.5
Samoa;2005;0.6
Samoa;2006;0.5
Samoa;2007;0.5
Samoa;2008;0
Samoa;2009;0.4
Samoa;2010;0.4
Samoa;2011;0
Samoa;2012;0.4
Samoa;2013;0.5
Samoa;2014;0.6
Samoa;2015;0.5
Samoa;2016;0.6
Samoa;2017;0.6
Samoa;2018;0.6
Samoa;2019;0.7
Samoa;2020;0.6
Samoa;2021;0.3
Samoa;2022;0.2
Samoa;2023;0.6
Samoa;2024;0.8
Samoa;2025;0.5
