Country;Year;Emission
Nauru;1970;0.1
Nauru;1971;0.1
Nauru;1972;0.1
Nauru;1973;0.1
Nauru;1974;0.1
Nauru;1975;0.1
Nauru;1976;0.1
Nauru;1977;0.1
Nauru;1978;0.1
Nauru;1979;0.1
Nauru;1980;0.1
Nauru;1981;0.1
Nauru;1982;0.1
Nauru;1983;0.1
Nauru;1984;0.1
Nauru;1985;0.1
Nauru;1986;0.1
Nauru;1987;0.1
Nauru;1988;0.1
Nauru;1989;0.1
Nauru;1990;0.1
Nauru;1991;0.1
Nauru;1992;0.1
Nauru;1993;0.1
Nauru;1994;0.1
Nauru;1995;0.1
Nauru;1996;0.1
Nauru;1997;0.1
Nauru;1998;0.1
Nauru;1999;0.1
Nauru;2000;0.1
Nauru;2001;0.1
Nauru;2002;0.1
Nauru;2003;0.1
Nauru;2004;0.1
Nauru;2005;0.1
Nauru;2006;0.1
Nauru;2007;0.1
Nauru;2008;0.1
Nauru;2009;0.1
Nauru;2010;0.1
Nauru;2011;0.1
Nauru;2012;0.1
Nauru;2013;0.1
Nauru;2014;0.1
Nauru;2015;0.1
Nauru;2016;0.1
Nauru;2017;0.1
Nauru;2018;0.1
Nauru;2019;0.1
Nauru;2020;0.1
Nauru;2021;0.1
Nauru;2022;0.1
Nauru;2023;0.1
Nauru;2024;0.1
Kiribati;1970;0.5
Kiribati;1971;0.5
Kiribati;1972;0.5
Kiribati;1973;0.6
Kiribati;1974;0.7
Kiribati;1975;0.6
Kiribati;1976;0.6
Kiribati;1977;0.6
Kiribati;1978;0.6
Kiribati;1979;0.7
Kiribati;1980;0.7
Kiribati;1981;0.7
Kiribati;1982;0.7
Kiribati;1983;0.7
Kiribati;1984;0.4
Kiribati;1985;0.4
Kiribati;1986;0.4
Kiribati;1987;0.5
Kiribati;1988;0.4
Kiribati;1989;0.4
Kiribati;1990;0.4
Kiribati;1991;0.4
Kiribati;1992;0.5
Kiribati;1993;0.5
Kiribati;1994;0.5
Kiribati;1995;0.4
Kiribati;1996;0.4
Kiribati;1997;0.4
Kiribati;1998;0.4
Kiribati;1999;0.4
Kiribati;2000;0.6
Kiribati;2001;0.5
Kiribati;2002;0.7
Kiribati;2003;0.7
Kiribati;2004;0.7
Kiribati;2005;0.9
Kiribati;2006;0.9
Kiribati;2007;0.8
Kiribati;2008;0.9
Kiribati;2009;0.8
Kiribati;2010;0.8
Kiribati;2011;0.7
Kiribati;2012;0.7
Kiribati;2013;0.8
Kiribati;2014;0.8
Kiribati;2015;0.8
Kiribati;2016;0.8
Kiribati;2017;0.8
Kiribati;2018;0.9
Kiribati;2019;0.9
Kiribati;2020;0.8
Kiribati;2021;0.9
Kiribati;2022;0.8
Kiribati;2023;0.8
Kiribati;2024;0.9
Fiji;1970;2.6
Fiji;1971;2.6
Fiji;1972;2.6
Fiji;1973;2.9
Fiji;1974;3.2
Fiji;1975;2.9
Fiji;1976;2.9
Fiji;1977;3
Fiji;1978;2.9
Fiji;1979;3
Fiji;1980;3.1
Fiji;1981;3.1
Fiji;1982;3
Fiji;1983;2.7
Fiji;1984;2.5
Fiji;1985;2.6
Fiji;1986;2.6
Fiji;1987;2.5
Fiji;1988;2.4
Fiji;1989;2.6
Fiji;1990;2.8
Fiji;1991;2.6
Fiji;1992;2.8
Fiji;1993;2.9
Fiji;1994;3.1
Fiji;1995;3.1
Fiji;1996;3.1
Fiji;1997;3.1
Fiji;1998;3.1
Fiji;1999;3.1
Fiji;2000;3.3
Fiji;2001;3.4
Fiji;2002;3.1
Fiji;2003;3.3
Fiji;2004;3.8
Fiji;2005;3.5
Fiji;2006;3.6
Fiji;2007;3.5
Fiji;2008;3
Fiji;2009;2.7
Fiji;2010;3.4
Fiji;2011;2.9
Fiji;2012;2.8
Fiji;2013;3
Fiji;2014;2.7
Fiji;2015;2.8
Fiji;2016;2.8
Fiji;2017;2.8
Fiji;2018;2.9
Fiji;2019;3
Fiji;2020;2.3
Fiji;2021;2.6
Fiji;2022;2.7
Fiji;2023;2.9
Fiji;2024;3
Marshall Islands;1970;0
Marshall Islands;1971;0
Marshall Islands;1972;0.1
Marshall Islands;1973;0.1
Marshall Islands;1974;0.1
Marshall Islands;1975;0.1
Marshall Islands;1976;0.1
Marshall Islands;1977;0.1
Marshall Islands;1978;0.1
Marshall Islands;1979;0.1
Marshall Islands;1980;0.1
Marshall Islands;1981;0.1
Marshall Islands;1982;0.1
Marshall Islands;1983;0.1
Marshall Islands;1984;0.1
Marshall Islands;1985;0.1
Marshall Islands;1986;0.1
Marshall Islands;1987;0.1
Marshall Islands;1988;0.1
Marshall Islands;1989;0.1
Marshall Islands;1990;0.1
Marshall Islands;1991;0.1
Marshall Islands;1992;0.1
Marshall Islands;1993;0.1
Marshall Islands;1994;0.1
Marshall Islands;1995;0.1
Marshall Islands;1996;0.1
Marshall Islands;1997;0.1
Marshall Islands;1998;0.1
Marshall Islands;1999;0.1
Marshall Islands;2000;0.1
Marshall Islands;2001;0.1
Marshall Islands;2002;0.1
Marshall Islands;2003;0.1
Marshall Islands;2004;0.1
Marshall Islands;2005;0.1
Marshall Islands;2006;0.1
Marshall Islands;2007;0.1
Marshall Islands;2008;0.1
Marshall Islands;2009;0.1
Marshall Islands;2010;0.1
Marshall Islands;2011;0.1
Marshall Islands;2012;0.1
Marshall Islands;2013;0.1
Marshall Islands;2014;0.1
Marshall Islands;2015;0.1
Marshall Islands;2016;0.1
Marshall Islands;2017;0.1
Marshall Islands;2018;0.1
Marshall Islands;2019;0.1
Marshall Islands;2020;0.1
Marshall Islands;2021;0.1
Marshall Islands;2022;0.1
Marshall Islands;2023;0.1
Marshall Islands;2024;0.1
Solomon Islands;1970;0.8
Solomon Islands;1971;0.9
Solomon Islands;1972;0.9
Solomon Islands;1973;1
Solomon Islands;1974;1.1
Solomon Islands;1975;1
Solomon Islands;1976;1
Solomon Islands;1977;1
Solomon Islands;1978;1
Solomon Islands;1979;1
Solomon Islands;1980;1.1
Solomon Islands;1981;1.2
Solomon Islands;1982;1.1
Solomon Islands;1983;1.1
Solomon Islands;1984;1
Solomon Islands;1985;1
Solomon Islands;1986;0.8
Solomon Islands;1987;0.9
Solomon Islands;1988;0.9
Solomon Islands;1989;0.9
Solomon Islands;1990;0.9
Solomon Islands;1991;0.9
Solomon Islands;1992;0.9
Solomon Islands;1993;0.9
Solomon Islands;1994;0.9
Solomon Islands;1995;0.8
Solomon Islands;1996;0.8
Solomon Islands;1997;0.8
Solomon Islands;1998;0.8
Solomon Islands;1999;0.8
Solomon Islands;2000;0.9
Solomon Islands;2001;1
Solomon Islands;2002;1
Solomon Islands;2003;1
Solomon Islands;2004;1
Solomon Islands;2005;1
Solomon Islands;2006;1
Solomon Islands;2007;1
Solomon Islands;2008;1
Solomon Islands;2009;1
Solomon Islands;2010;1.1
Solomon Islands;2011;1.1
Solomon Islands;2012;1
Solomon Islands;2013;1.1
Solomon Islands;2014;1
Solomon Islands;2015;0.9
Solomon Islands;2016;0.9
Solomon Islands;2017;0.8
Solomon Islands;2018;0.8
Solomon Islands;2019;0.8
Solomon Islands;2020;0.8
Solomon Islands;2021;0.8
Solomon Islands;2022;0.8
Solomon Islands;2023;0.7
Solomon Islands;2024;0.8
Northern Mariana Islands;1970;0.1
Northern Mariana Islands;1971;0.1
Northern Mariana Islands;1972;0.1
Northern Mariana Islands;1973;0.1
Northern Mariana Islands;1974;0.1
Northern Mariana Islands;1975;0.1
Northern Mariana Islands;1976;0.1
Northern Mariana Islands;1977;0.1
Northern Mariana Islands;1978;0.1
Northern Mariana Islands;1979;0.1
Northern Mariana Islands;1980;0.1
Northern Mariana Islands;1981;0.1
Northern Mariana Islands;1982;0.1
Northern Mariana Islands;1983;0.1
Northern Mariana Islands;1984;0.1
Northern Mariana Islands;1985;0.1
Northern Mariana Islands;1986;0.1
Northern Mariana Islands;1987;0.1
Northern Mariana Islands;1988;0.1
Northern Mariana Islands;1989;0.1
Northern Mariana Islands;1990;0.1
Northern Mariana Islands;1991;0.1
Northern Mariana Islands;1992;0.1
Northern Mariana Islands;1993;0.1
Northern Mariana Islands;1994;0.1
Northern Mariana Islands;1995;0.1
Northern Mariana Islands;1996;0.1
Northern Mariana Islands;1997;0.1
Northern Mariana Islands;1998;0.1
Northern Mariana Islands;1999;0.1
Northern Mariana Islands;2000;0.1
Northern Mariana Islands;2001;0.1
Northern Mariana Islands;2002;0.1
Northern Mariana Islands;2003;0.1
Northern Mariana Islands;2004;0.1
Northern Mariana Islands;2005;0.1
Northern Mariana Islands;2006;0.1
Northern Mariana Islands;2007;0.1
Northern Mariana Islands;2008;0.1
Northern Mariana Islands;2009;0.1
Northern Mariana Islands;2010;0.1
Northern Mariana Islands;2011;0.1
Northern Mariana Islands;2012;0.1
Northern Mariana Islands;2013;0.1
Northern Mariana Islands;2014;0.1
Northern Mariana Islands;2015;0.1
Northern Mariana Islands;2016;0.1
Northern Mariana Islands;2017;0.1
Northern Mariana Islands;2018;0.1
Northern Mariana Islands;2019;0.1
Northern Mariana Islands;2020;0.1
Northern Mariana Islands;2021;0.1
Northern Mariana Islands;2022;0.1
Northern Mariana Islands;2023;0.1
Northern Mariana Islands;2024;0.1
Guam;1970;0.3
Guam;1971;0.2
Guam;1972;0.2
Guam;1973;0.2
Guam;1974;0.2
Guam;1975;0.2
Guam;1976;0.2
Guam;1977;0.2
Guam;1978;0.2
Guam;1979;0.2
Guam;1980;0.1
Guam;1981;0.1
Guam;1982;0.1
Guam;1983;0.1
Guam;1984;0.1
Guam;1985;0.1
Guam;1986;0.1
Guam;1987;0.1
Guam;1988;0.1
Guam;1989;0.1
Guam;1990;0.1
Guam;1991;0.1
Guam;1992;0.1
Guam;1993;0.1
Guam;1994;0.1
Guam;1995;0.1
Guam;1996;0.1
Guam;1997;0.1
Guam;1998;0.1
Guam;1999;0.1
Guam;2000;0.1
Guam;2001;0.1
Guam;2002;0.1
Guam;2003;0.1
Guam;2004;0.1
Guam;2005;0.1
Guam;2006;0.1
Guam;2007;0.1
Guam;2008;0.1
Guam;2009;0.1
Guam;2010;0.1
Guam;2011;0.1
Guam;2012;0.1
Guam;2013;0.1
Guam;2014;0.1
Guam;2015;0.1
Guam;2016;0.1
Guam;2017;0.1
Guam;2018;0.1
Guam;2019;0.1
Guam;2020;0.1
Guam;2021;0.1
Guam;2022;0.1
Guam;2023;0.1
Guam;2024;0.1
New Caledonia;1970;12.6
New Caledonia;1971;12.1
New Caledonia;1972;11.8
New Caledonia;1973;13.1
New Caledonia;1974;14.5
New Caledonia;1975;12.1
New Caledonia;1976;11.6
New Caledonia;1977;12
New Caledonia;1978;12
New Caledonia;1979;12.5
New Caledonia;1980;13.1
New Caledonia;1981;12.6
New Caledonia;1982;9.1
New Caledonia;1983;8.6
New Caledonia;1984;8.9
New Caledonia;1985;11.1
New Caledonia;1986;10.6
New Caledonia;1987;11.3
New Caledonia;1988;10.9
New Caledonia;1989;11.2
New Caledonia;1990;10.9
New Caledonia;1991;11.4
New Caledonia;1992;11.2
New Caledonia;1993;11.2
New Caledonia;1994;11.2
New Caledonia;1995;10.1
New Caledonia;1996;10.9
New Caledonia;1997;10
New Caledonia;1998;9.6
New Caledonia;1999;9.1
New Caledonia;2000;11.1
New Caledonia;2001;11.1
New Caledonia;2002;12
New Caledonia;2003;12.9
New Caledonia;2004;11.5
New Caledonia;2005;12.3
New Caledonia;2006;12.2
New Caledonia;2007;12.3
New Caledonia;2008;11.8
New Caledonia;2009;11.7
New Caledonia;2010;14.6
New Caledonia;2011;14.4
New Caledonia;2012;14.3
New Caledonia;2013;15.4
New Caledonia;2014;18.3
New Caledonia;2015;17.4
New Caledonia;2016;18.6
New Caledonia;2017;16.8
New Caledonia;2018;22.8
New Caledonia;2019;22
New Caledonia;2020;21.4
New Caledonia;2021;17.6
New Caledonia;2022;17.4
New Caledonia;2023;18.1
New Caledonia;2024;18.4
French Polynesia;1970;1.7
French Polynesia;1971;1.6
French Polynesia;1972;1.7
French Polynesia;1973;1.8
French Polynesia;1974;2.1
French Polynesia;1975;1.8
French Polynesia;1976;1.7
French Polynesia;1977;1.7
French Polynesia;1978;1.7
French Polynesia;1979;1.7
French Polynesia;1980;1.8
French Polynesia;1981;2.5
French Polynesia;1982;3
French Polynesia;1983;3.7
French Polynesia;1984;4.7
French Polynesia;1985;4.4
French Polynesia;1986;4.7
French Polynesia;1987;5.2
French Polynesia;1988;5
French Polynesia;1989;4.8
French Polynesia;1990;4.6
French Polynesia;1991;4.7
French Polynesia;1992;4.7
French Polynesia;1993;4.7
French Polynesia;1994;3.8
French Polynesia;1995;3.6
French Polynesia;1996;3.5
French Polynesia;1997;3.6
French Polynesia;1998;3.7
French Polynesia;1999;3.6
French Polynesia;2000;3.4
French Polynesia;2001;3.8
French Polynesia;2002;3.9
French Polynesia;2003;4.1
French Polynesia;2004;3.8
French Polynesia;2005;4
French Polynesia;2006;3.7
French Polynesia;2007;3.9
French Polynesia;2008;4
French Polynesia;2009;3.8
French Polynesia;2010;4
French Polynesia;2011;3.9
French Polynesia;2012;3.8
French Polynesia;2013;4
French Polynesia;2014;3.9
French Polynesia;2015;4
French Polynesia;2016;4
French Polynesia;2017;3.5
French Polynesia;2018;3.1
French Polynesia;2019;3.2
French Polynesia;2020;2.9
French Polynesia;2021;2.6
French Polynesia;2022;3.7
French Polynesia;2023;3.7
French Polynesia;2024;3.8
Tonga;1970;0.8
Tonga;1971;0.8
Tonga;1972;0.8
Tonga;1973;0.9
Tonga;1974;1
Tonga;1975;1
Tonga;1976;1
Tonga;1977;1.1
Tonga;1978;1.3
Tonga;1979;1.3
Tonga;1980;1.4
Tonga;1981;1.6
Tonga;1982;1.5
Tonga;1983;1.4
Tonga;1984;1.2
Tonga;1985;1.4
Tonga;1986;1.3
Tonga;1987;1.7
Tonga;1988;1.9
Tonga;1989;2
Tonga;1990;1.9
Tonga;1991;2
Tonga;1992;2.1
Tonga;1993;2.1
Tonga;1994;2.5
Tonga;1995;2.2
Tonga;1996;2.4
Tonga;1997;2.4
Tonga;1998;2.5
Tonga;1999;2.5
Tonga;2000;2
Tonga;2001;2
Tonga;2002;2.1
Tonga;2003;2.3
Tonga;2004;2.1
Tonga;2005;2.2
Tonga;2006;2.3
Tonga;2007;2.1
Tonga;2008;2.2
Tonga;2009;2.3
Tonga;2010;2.2
Tonga;2011;2.2
Tonga;2012;2.1
Tonga;2013;2.2
Tonga;2014;2.3
Tonga;2015;2.4
Tonga;2016;2.5
Tonga;2017;2.6
Tonga;2018;2.5
Tonga;2019;2.7
Tonga;2020;2.9
Tonga;2021;3.1
Tonga;2022;2.7
Tonga;2023;2.7
Tonga;2024;2.8
Micronesia, Federated State of;1970;0.5
Micronesia, Federated State of;1971;0.5
Micronesia, Federated State of;1972;0.5
Micronesia, Federated State of;1973;0.5
Micronesia, Federated State of;1974;0.4
Micronesia, Federated State of;1975;0.4
Micronesia, Federated State of;1976;0.3
Micronesia, Federated State of;1977;0.3
Micronesia, Federated State of;1978;0.3
Micronesia, Federated State of;1979;0.3
Micronesia, Federated State of;1980;0.3
Micronesia, Federated State of;1981;0.4
Micronesia, Federated State of;1982;0.4
Micronesia, Federated State of;1983;0.3
Micronesia, Federated State of;1984;0.3
Micronesia, Federated State of;1985;0.3
Micronesia, Federated State of;1986;0.3
Micronesia, Federated State of;1987;0.3
Micronesia, Federated State of;1988;0.4
Micronesia, Federated State of;1989;0.4
Micronesia, Federated State of;1990;0.4
Micronesia, Federated State of;1991;0.4
Micronesia, Federated State of;1992;0.4
Micronesia, Federated State of;1993;0.4
Micronesia, Federated State of;1994;0.4
Micronesia, Federated State of;1995;0.4
Micronesia, Federated State of;1996;0.4
Micronesia, Federated State of;1997;0.4
Micronesia, Federated State of;1998;0.4
Micronesia, Federated State of;1999;0.4
Micronesia, Federated State of;2000;0.4
Micronesia, Federated State of;2001;0.4
Micronesia, Federated State of;2002;0.4
Micronesia, Federated State of;2003;0.4
Micronesia, Federated State of;2004;0.4
Micronesia, Federated State of;2005;0.4
Micronesia, Federated State of;2006;0.4
Micronesia, Federated State of;2007;0.4
Micronesia, Federated State of;2008;0.4
Micronesia, Federated State of;2009;0.4
Micronesia, Federated State of;2010;0.4
Micronesia, Federated State of;2011;0.4
Micronesia, Federated State of;2012;0.4
Micronesia, Federated State of;2013;0.4
Micronesia, Federated State of;2014;0.4
Micronesia, Federated State of;2015;0.4
Micronesia, Federated State of;2016;0.5
Micronesia, Federated State of;2017;0.4
Micronesia, Federated State of;2018;0.4
Micronesia, Federated State of;2019;0.5
Micronesia, Federated State of;2020;0.5
Micronesia, Federated State of;2021;0.5
Micronesia, Federated State of;2022;0.5
Micronesia, Federated State of;2023;0.5
Micronesia, Federated State of;2024;0.5
Vanuatu;1970;3.4
Vanuatu;1971;3.5
Vanuatu;1972;3.5
Vanuatu;1973;3.8
Vanuatu;1974;4.1
Vanuatu;1975;3.9
Vanuatu;1976;3.9
Vanuatu;1977;3.7
Vanuatu;1978;3.5
Vanuatu;1979;3.4
Vanuatu;1980;3.4
Vanuatu;1981;3.2
Vanuatu;1982;3.1
Vanuatu;1983;3.1
Vanuatu;1984;3
Vanuatu;1985;3.2
Vanuatu;1986;3
Vanuatu;1987;3
Vanuatu;1988;3.1
Vanuatu;1989;3
Vanuatu;1990;3.2
Vanuatu;1991;3.1
Vanuatu;1992;2.9
Vanuatu;1993;3
Vanuatu;1994;3
Vanuatu;1995;2.9
Vanuatu;1996;2.9
Vanuatu;1997;2.8
Vanuatu;1998;2.8
Vanuatu;1999;2.8
Vanuatu;2000;2.8
Vanuatu;2001;2.7
Vanuatu;2002;2.6
Vanuatu;2003;2.7
Vanuatu;2004;2.6
Vanuatu;2005;2.5
Vanuatu;2006;2.5
Vanuatu;2007;3
Vanuatu;2008;2.9
Vanuatu;2009;2.8
Vanuatu;2010;2.8
Vanuatu;2011;2.9
Vanuatu;2012;2.7
Vanuatu;2013;2.7
Vanuatu;2014;2.7
Vanuatu;2015;2.4
Vanuatu;2016;2.1
Vanuatu;2017;1.9
Vanuatu;2018;2.1
Vanuatu;2019;2
Vanuatu;2020;2.1
Vanuatu;2021;2.2
Vanuatu;2022;2.1
Vanuatu;2023;1.9
Vanuatu;2024;1.9
Palau;1970;190.6
Palau;1971;184.2
Palau;1972;177.7
Palau;1973;172.6
Palau;1974;170.8
Palau;1975;171.2
Palau;1976;172
Palau;1977;173
Palau;1978;174.2
Palau;1979;175.6
Palau;1980;176.6
Palau;1981;177.3
Palau;1982;172
Palau;1983;174.3
Palau;1984;188
Palau;1985;148.3
Palau;1986;157.8
Palau;1987;161.8
Palau;1988;151.6
Palau;1989;155.1
Palau;1990;153.6
Palau;1991;149
Palau;1992;133.1
Palau;1993;133
Palau;1994;194.3
Palau;1995;148.7
Palau;1996;136.3
Palau;1997;149
Palau;1998;131.6
Palau;1999;137.6
Palau;2000;116.8
Palau;2001;128.3
Palau;2002;77.4
Palau;2003;91.3
Palau;2004;80.5
Palau;2005;93
Palau;2006;92
Palau;2007;75.8
Palau;2008;77.9
Palau;2009;122.1
Palau;2010;119.9
Palau;2011;136.4
Palau;2012;209.5
Palau;2013;106.6
Palau;2014;74.6
Palau;2015;70.5
Palau;2016;67.5
Palau;2017;70.5
Palau;2018;72.2
Palau;2019;74.5
Palau;2020;75.1
Palau;2021;78.1
Palau;2022;82.4
Palau;2023;82.5
Palau;2024;86.7
Samoa;1970;1.1
Samoa;1971;1.1
Samoa;1972;1.1
Samoa;1973;1.2
Samoa;1974;1.3
Samoa;1975;1.2
Samoa;1976;1.2
Samoa;1977;1.2
Samoa;1978;1.2
Samoa;1979;1.3
Samoa;1980;1.3
Samoa;1981;1.3
Samoa;1982;1.4
Samoa;1983;1.4
Samoa;1984;1.5
Samoa;1985;1.5
Samoa;1986;1.4
Samoa;1987;1.6
Samoa;1988;1.6
Samoa;1989;1.7
Samoa;1990;1.7
Samoa;1991;1.8
Samoa;1992;1.7
Samoa;1993;1.8
Samoa;1994;1.8
Samoa;1995;1.7
Samoa;1996;1.7
Samoa;1997;1.7
Samoa;1998;1.8
Samoa;1999;1.7
Samoa;2000;2
Samoa;2001;2.1
Samoa;2002;2.2
Samoa;2003;2.2
Samoa;2004;2.2
Samoa;2005;2.2
Samoa;2006;2.2
Samoa;2007;2.3
Samoa;2008;2.3
Samoa;2009;2.3
Samoa;2010;2.4
Samoa;2011;2.5
Samoa;2012;2.5
Samoa;2013;2.5
Samoa;2014;2.5
Samoa;2015;2.8
Samoa;2016;2.8
Samoa;2017;2.5
Samoa;2018;2.6
Samoa;2019;2.6
Samoa;2020;2.2
Samoa;2021;2.5
Samoa;2022;2.4
Samoa;2023;2.3
Samoa;2024;2.4
American Samoa;1970;0.2
American Samoa;1971;0.2
American Samoa;1972;0.2
American Samoa;1973;0.2
American Samoa;1974;0.2
American Samoa;1975;0.2
American Samoa;1976;0.2
American Samoa;1977;0.2
American Samoa;1978;0.2
American Samoa;1979;0.2
American Samoa;1980;0.2
American Samoa;1981;0.2
American Samoa;1982;0.2
American Samoa;1983;0.2
American Samoa;1984;0.2
American Samoa;1985;0.2
American Samoa;1986;0.2
American Samoa;1987;0.2
American Samoa;1988;0.2
American Samoa;1989;0.2
American Samoa;1990;0.2
American Samoa;1991;0.2
American Samoa;1992;0.2
American Samoa;1993;0.2
American Samoa;1994;0.2
American Samoa;1995;0.1
American Samoa;1996;0.1
American Samoa;1997;0.1
American Samoa;1998;0.1
American Samoa;1999;0.1
American Samoa;2000;0.1
American Samoa;2001;0.2
American Samoa;2002;0.2
American Samoa;2003;0.2
American Samoa;2004;0.2
American Samoa;2005;0.2
American Samoa;2006;0.2
American Samoa;2007;0.2
American Samoa;2008;0.2
American Samoa;2009;0.2
American Samoa;2010;0.2
American Samoa;2011;0.2
American Samoa;2012;0.2
American Samoa;2013;0.2
American Samoa;2014;0.2
American Samoa;2015;0.2
American Samoa;2016;0.2
American Samoa;2017;0.2
American Samoa;2018;0.2
American Samoa;2019;0.2
American Samoa;2020;0.2
American Samoa;2021;0.2
American Samoa;2022;0.2
American Samoa;2023;0.2
American Samoa;2024;0.2
Tuvalu;1970;0.3
Tuvalu;1971;0.3
Tuvalu;1972;0.3
Tuvalu;1973;0.3
Tuvalu;1974;0.3
Tuvalu;1975;0.3
Tuvalu;1976;0.3
Tuvalu;1977;0.3
Tuvalu;1978;0.3
Tuvalu;1979;0.3
Tuvalu;1980;0.3
Tuvalu;1981;0.3
Tuvalu;1982;0.3
Tuvalu;1983;0.3
Tuvalu;1984;0.3
Tuvalu;1985;0.3
Tuvalu;1986;0.3
Tuvalu;1987;0.3
Tuvalu;1988;0.3
Tuvalu;1989;0.3
Tuvalu;1990;0.4
Tuvalu;1991;0.4
Tuvalu;1992;0.4
Tuvalu;1993;0.4
Tuvalu;1994;0.4
Tuvalu;1995;0.4
Tuvalu;1996;0.4
Tuvalu;1997;0.4
Tuvalu;1998;0.4
Tuvalu;1999;0.4
Tuvalu;2000;0.4
Tuvalu;2001;0.4
Tuvalu;2002;0.4
Tuvalu;2003;0.4
Tuvalu;2004;0.4
Tuvalu;2005;0.4
Tuvalu;2006;0.4
Tuvalu;2007;0.4
Tuvalu;2008;0.4
Tuvalu;2009;0.4
Tuvalu;2010;0.3
Tuvalu;2011;0.3
Tuvalu;2012;0.3
Tuvalu;2013;0.3
Tuvalu;2014;0.3
Tuvalu;2015;0.3
Tuvalu;2016;0.3
Tuvalu;2017;0.3
Tuvalu;2018;0.4
Tuvalu;2019;0.4
Tuvalu;2020;0.4
Tuvalu;2021;0.4
Tuvalu;2022;0.4
Tuvalu;2023;0.4
Tuvalu;2024;0.4
Papua New Guinea;1970;1.1
Papua New Guinea;1971;1.1
Papua New Guinea;1972;1.1
Papua New Guinea;1973;1.2
Papua New Guinea;1974;1.3
Papua New Guinea;1975;1.2
Papua New Guinea;1976;1.1
Papua New Guinea;1977;1.2
Papua New Guinea;1978;1.1
Papua New Guinea;1979;1.2
Papua New Guinea;1980;1.2
Papua New Guinea;1981;1.2
Papua New Guinea;1982;1.1
Papua New Guinea;1983;1.1
Papua New Guinea;1984;1.1
Papua New Guinea;1985;1.1
Papua New Guinea;1986;1.1
Papua New Guinea;1987;1.2
Papua New Guinea;1988;1.1
Papua New Guinea;1989;1.1
Papua New Guinea;1990;1.3
Papua New Guinea;1991;1.2
Papua New Guinea;1992;1.3
Papua New Guinea;1993;1.3
Papua New Guinea;1994;1.2
Papua New Guinea;1995;1.2
Papua New Guinea;1996;1.2
Papua New Guinea;1997;1.1
Papua New Guinea;1998;1.7
Papua New Guinea;1999;1.2
Papua New Guinea;2000;1.3
Papua New Guinea;2001;1.2
Papua New Guinea;2002;1.3
Papua New Guinea;2003;1.3
Papua New Guinea;2004;1.4
Papua New Guinea;2005;1.5
Papua New Guinea;2006;1.6
Papua New Guinea;2007;1.4
Papua New Guinea;2008;1.4
Papua New Guinea;2009;1.2
Papua New Guinea;2010;1
Papua New Guinea;2011;1
Papua New Guinea;2012;0.9
Papua New Guinea;2013;1
Papua New Guinea;2014;1.1
Papua New Guinea;2015;1.2
Papua New Guinea;2016;1.3
Papua New Guinea;2017;1.1
Papua New Guinea;2018;1
Papua New Guinea;2019;1
Papua New Guinea;2020;1
Papua New Guinea;2021;1
Papua New Guinea;2022;1
Papua New Guinea;2023;1
Papua New Guinea;2024;1
